,Name,Brand,Price,Image,ProductID,Gender
0,Off-White Al Rigid Jeans,Wood Wood,310,https://img.ssensemedia.com/images/231378M186001_1/wood-wood-off-white-al-rigid-jeans.jpg,11529011,men
1,Blue Al Rigid Jeans,Wood Wood,310,https://img.ssensemedia.com/images/231378M186002_1/wood-wood-blue-al-rigid-jeans.jpg,11529021,men
2,Blue Bleached Jeans,Gucci,1300,https://img.ssensemedia.com/images/222451M186002_1/gucci-blue-bleached-jeans.jpg,11089561,men
3,White Lovelight Jeans,Gucci,1800,https://img.ssensemedia.com/images/222451M186003_1/gucci-white-lovelight-jeans.jpg,11089581,men
4,Blue GG Jeans,Gucci,1550,https://img.ssensemedia.com/images/222451M186001_1/gucci-blue-gg-jeans.jpg,11089551,men
5,Black Tearaway Jeans,YMC,305,https://img.ssensemedia.com/images/231161M186000_1/ymc-black-tearaway-jeans.jpg,11488941,men
6,Off-White Tearaway Jeans,YMC,305,https://img.ssensemedia.com/images/231161M186001_1/ymc-off-white-tearaway-jeans.jpg,11488951,men
7,Blue Wide-Leg Jeans,Marni,850,https://img.ssensemedia.com/images/231379M191003_1/marni-blue-wide-leg-jeans.jpg,11775781,men
8,Black Lean Dean Jeans,Nudie Jeans,240,https://img.ssensemedia.com/images/231078M186009_1/nudie-jeans-black-lean-dean-jeans.jpg,11589851,men
9,Black Lean Dean Jeans,Nudie Jeans,220,https://img.ssensemedia.com/images/231078M186012_1/nudie-jeans-black-lean-dean-jeans.jpg,11589881,men
10,Blue Grim Tim Jeans,Nudie Jeans,240,https://img.ssensemedia.com/images/231078M186032_1/nudie-jeans-blue-grim-tim-jeans.jpg,11590251,men
11,Blue Patchwork Jeans,Alchemist,775,https://img.ssensemedia.com/images/222383M186001_1/alchemist-blue-patchwork-jeans.jpg,10832151,men
12,Off-White & Black Chrysalis Jeans,HELIOT EMIL,680,https://img.ssensemedia.com/images/231295M186000_1/heliot-emil-off-white-and-black-chrysalis-jeans.jpg,11688681,men
13,Blue Pleated Jeans,ADER error,545,https://img.ssensemedia.com/images/222039M186010_1/ader-error-blue-pleated-jeans.jpg,10321621,men
14,Blue Crossover Jeans,R13,550,https://img.ssensemedia.com/images/231021M186000_1/r13-blue-crossover-jeans.jpg,12474841,men
15,Black Distressed Jeans,Givenchy,1125,https://img.ssensemedia.com/images/231278M191006_1/givenchy-black-distressed-jeans.jpg,11876361,men
16,Blue Marbled Jeans,Givenchy,1545,https://img.ssensemedia.com/images/231278M191011_1/givenchy-blue-marbled-jeans.jpg,11876621,men
17,Black Marbled Jeans,Givenchy,1125,https://img.ssensemedia.com/images/231278M191012_1/givenchy-black-marbled-jeans.jpg,11876721,men
18,Black Faded Skinny Jeans,Dolce & Gabbana,875,https://img.ssensemedia.com/images/231003M186015_1/dolce-and-gabbana-black-faded-skinny-jeans.jpg,11669491,men
19,Black Corner Jeans,Études,313,https://img.ssensemedia.com/images/222647M191023_1/etudes-black-corner-jeans.jpg,10493601,men
20,Black Bondage Jeans,99% IS,645,https://img.ssensemedia.com/images/231689M186000_1/99-is-black-bondage-jeans.jpg,12836451,men
21,Black D-Ring Jeans,99% IS,755,https://img.ssensemedia.com/images/231689M191013_1/99-is-black-d-ring-jeans.jpg,12836601,men
22,Blue Damon Jeans,R13,775,https://img.ssensemedia.com/images/231021M186012_1/r13-blue-damon-jeans.jpg,12551531,men
23,Blue Jean Paul Gaultier Edition Morph Jeans,Y/Project,720,https://img.ssensemedia.com/images/222893M186000_1/y-project-blue-jean-paul-gaultier-edition-morph-jeans.jpg,10587891,men
24,Black Zwickelrock Jeans,Bless,1296,https://img.ssensemedia.com/images/222852M186000_1/bless-black-zwickelrock-jeans.jpg,11157991,men
25,Blue Ben Jeans,Won Hundred,255,https://img.ssensemedia.com/images/231636M186016_1/won-hundred-blue-ben-jeans.jpg,11607881,men
26,Blue Steve Jeans,Won Hundred,335,https://img.ssensemedia.com/images/231636M186031_1/won-hundred-blue-steve-jeans.jpg,11608031,men
27,Blue Washed Jeans,Dolce & Gabbana,1035,https://img.ssensemedia.com/images/231003M186003_1/dolce-and-gabbana-blue-washed-jeans.jpg,11669331,men
28,Blue Washed Skinny Jeans,Dolce & Gabbana,950,https://img.ssensemedia.com/images/231003M186013_1/dolce-and-gabbana-blue-washed-skinny-jeans.jpg,11669461,men
29,Black Skater Jeans,Dsquared2,750,https://img.ssensemedia.com/images/231148M186001_1/dsquared2-black-skater-jeans.jpg,11699751,men
30,Black Skater Jeans,Dsquared2,650,https://img.ssensemedia.com/images/231148M186002_1/dsquared2-black-skater-jeans.jpg,11699761,men
31,Blue Slash Wash Cool Guy Jeans,Dsquared2,750,https://img.ssensemedia.com/images/231148M186022_1/dsquared2-blue-slash-wash-cool-guy-jeans.jpg,11699961,men
32,Blue Skater Jeans,Dsquared2,605,https://img.ssensemedia.com/images/231148M186027_1/dsquared2-blue-skater-jeans.jpg,11700011,men
33,Blue Cool Guy Jeans,Dsquared2,655,https://img.ssensemedia.com/images/231148M186045_1/dsquared2-blue-cool-guy-jeans.jpg,12601471,men
34,Blue Jonah Drop Jeans,R13,550,https://img.ssensemedia.com/images/231021M186010_1/r13-blue-jonah-drop-jeans.jpg,12551501,men
35,Black Metal Buckle Jeans,1017 ALYX 9SM,630,https://img.ssensemedia.com/images/231776M186000_1/alyx-black-metal-buckle-jeans.jpg,11449981,men
36,Blue Steady Eddie II Jeans,Nudie Jeans,293,https://img.ssensemedia.com/images/222078M186075_1/nudie-jeans-blue-steady-eddie-ii-jeans.jpg,10865481,men
37,Black Clayton Jeans,RtA,440,https://img.ssensemedia.com/images/231702M186004_1/rta-black-clayton-jeans.jpg,12084271,men
38,Blue Patch Jeans,Dolce & Gabbana,1035,https://img.ssensemedia.com/images/231003M186002_1/dolce-and-gabbana-blue-patch-jeans.jpg,11669311,men
39,Black Regular-Fit Jeans,Dolce & Gabbana,1035,https://img.ssensemedia.com/images/231003M186009_1/dolce-and-gabbana-black-regular-fit-jeans.jpg,11669421,men
40,Black Drape Jeans,Ottolinger,593,https://img.ssensemedia.com/images/222016M186002_1/ottolinger-black-drape-jeans.jpg,11154161,men
41,Blue Smudged Jeans,Balenciaga,1050,https://img.ssensemedia.com/images/222342M186019_1/balenciaga-blue-smudged-jeans.jpg,11131591,men
42,Black Orion Jeans,Eytys,280,https://img.ssensemedia.com/images/231640M186019_1/eytys-black-orion-jeans.jpg,11017331,men
43,Blue Classic Fit Jean,AMI Alexandre Mattiussi,243,https://img.ssensemedia.com/images/222482M186002_1/ami-alexandre-mattiussi-blue-classic-fit-jean.jpg,10591571,men
44,Purple 6 Pocket Blackmeans Jeans,1017 ALYX 9SM,1180,https://img.ssensemedia.com/images/231776M186002_1/alyx-purple-6-pocket-blackmeans-jeans.jpg,11450231,men
45,Black Rad Rufus Jeans,Nudie Jeans,240,https://img.ssensemedia.com/images/231078M186016_1/nudie-jeans-black-rad-rufus-jeans.jpg,11589921,men
46,Black Skinny Lin Jeans,Nudie Jeans,200,https://img.ssensemedia.com/images/231078M186017_1/nudie-jeans-black-skinny-lin-jeans.jpg,11589951,men
47,Black Tuff Tony Jeans,Nudie Jeans,240,https://img.ssensemedia.com/images/231078M186029_1/nudie-jeans-black-tuff-tony-jeans.jpg,11590111,men
48,Black 'AAPE Now' Jeans,AAPE by A Bathing Ape,126,https://img.ssensemedia.com/images/222547M191009_1/aape-black-aape-now-jeans.jpg,10265621,men
49,Blue 'AAPE Now' Jeans,AAPE by A Bathing Ape,126,https://img.ssensemedia.com/images/222547M191010_1/aape-blue-aape-now-jeans.jpg,10265631,men
50,Black Twist Loop Jeans,Martine Rose,648,https://img.ssensemedia.com/images/222892M186014_1/martine-rose-black-twist-loop-jeans.jpg,10706951,men
51,Blue Banana Slim Jeans,Y/Project,341,https://img.ssensemedia.com/images/222893M186014_1/y-project-blue-banana-slim-jeans.jpg,10598451,men
52,Black 'The Daze' Jeans,John Elliott,620,https://img.ssensemedia.com/images/231761M186008_1/john-elliott-black-the-daze-jeans.jpg,11683441,men
53,Black Caribou Bootcut Jeans,John Elliott,550,https://img.ssensemedia.com/images/231761M186011_1/john-elliott-black-caribou-bootcut-jeans.jpg,11683471,men
54,Black Metallic Jeans,Theophilio,687,https://img.ssensemedia.com/images/222942M186000_1/theophilio-black-metallic-jeans.jpg,11561121,men
55,Blue Skater Jeans,Dsquared2,750,https://img.ssensemedia.com/images/231148M186026_1/dsquared2-blue-skater-jeans.jpg,11700001,men
56,Black Layered Flappy Jeans,C2H4,400,https://img.ssensemedia.com/images/231299M186001_1/c2h4-black-layered-flappy-jeans.jpg,11594061,men
57,Blue Chitch Blue Kolla Jeans,Ksubi,250,https://img.ssensemedia.com/images/231088M186032_1/ksubi-blue-chitch-blue-kolla-jeans.jpg,11537821,men
58,Beige Benz Jeans,Eytys,365,https://img.ssensemedia.com/images/231640M186002_1/eytys-beige-benz-jeans.jpg,11016201,men
59,Blue Graphic Jeans,Double Rainbouu,255,https://img.ssensemedia.com/images/222062M186006_1/double-rainbouu-blue-graphic-jeans.jpg,11023091,men
60,Gray Chitch Habits Jeans,Ksubi,285,https://img.ssensemedia.com/images/231088M186027_1/ksubi-gray-chitch-habits-jeans.jpg,11537241,men
61,Gray Bullet Habits Jeans,Ksubi,285,https://img.ssensemedia.com/images/231088M186028_1/ksubi-gray-bullet-habits-jeans.jpg,11537251,men
62,Off-White Van Winkle Remnant Jeans,Ksubi,315,https://img.ssensemedia.com/images/231088M186029_1/ksubi-off-white-van-winkle-remnant-jeans.jpg,11537261,men
63,White Ben Jeans,Won Hundred,270,https://img.ssensemedia.com/images/231636M186014_1/won-hundred-white-ben-jeans.jpg,11607861,men
64,Gray Dean Jeans,Won Hundred,340,https://img.ssensemedia.com/images/231636M186030_1/won-hundred-gray-dean-jeans.jpg,11608021,men
65,Blue Archer Jeans,Won Hundred,340,https://img.ssensemedia.com/images/231636M186013_1/won-hundred-blue-archer-jeans.jpg,11607851,men
66,Blue Ben Jeans,Won Hundred,320,https://img.ssensemedia.com/images/231636M186017_1/won-hundred-blue-ben-jeans.jpg,11607891,men
67,Blue Bill Jeans,Won Hundred,320,https://img.ssensemedia.com/images/231636M186021_1/won-hundred-blue-bill-jeans.jpg,11607931,men
68,Blue Steve Jeans,Won Hundred,335,https://img.ssensemedia.com/images/231636M186032_1/won-hundred-blue-steve-jeans.jpg,11608041,men
69,Gray Archer Jeans,Won Hundred,270,https://img.ssensemedia.com/images/231636M186011_1/won-hundred-gray-archer-jeans.jpg,11607831,men
70,Black Dean A Jeans,Won Hundred,235,https://img.ssensemedia.com/images/231636M186025_1/won-hundred-black-dean-a-jeans.jpg,11607971,men
71,Black Dean A Jeans,Won Hundred,235,https://img.ssensemedia.com/images/231636M186026_1/won-hundred-black-dean-a-jeans.jpg,11607981,men
72,Blue Ben Jeans,Won Hundred,255,https://img.ssensemedia.com/images/231636M186015_1/won-hundred-blue-ben-jeans.jpg,11607871,men
73,Blue Gritty Jackson Jeans,Nudie Jeans,240,https://img.ssensemedia.com/images/231078M186006_1/nudie-jeans-blue-gritty-jackson-jeans.jpg,11589811,men
74,Blue Rad Rufus Jeans,Nudie Jeans,240,https://img.ssensemedia.com/images/231078M186015_1/nudie-jeans-blue-rad-rufus-jeans.jpg,11589911,men
75,Black Paint Jeans,Maison Margiela,925,https://img.ssensemedia.com/images/222168M191033_1/maison-margiela-black-paint-jeans.jpg,11223541,men
76,Black Orion Jeans,Eytys,260,https://img.ssensemedia.com/images/231640M186018_1/eytys-black-orion-jeans.jpg,11017321,men
77,Gray Embossed Jeans,Stefan Cooke,984,https://img.ssensemedia.com/images/222300M186000_1/stefan-cooke-gray-embossed-jeans.jpg,11272151,men
78,Black Embossed Jeans,Stefan Cooke,541,https://img.ssensemedia.com/images/222300M186001_1/stefan-cooke-black-embossed-jeans.jpg,11272161,men
79,Blue Pleat Jeans,Bless,465,https://img.ssensemedia.com/images/222852M186002_1/bless-blue-pleat-jeans.jpg,11158041,men
80,Tan Hurst Jeans,NAMESAKE,816,https://img.ssensemedia.com/images/222467M186004_1/namesake-tan-hurst-jeans.jpg,10870991,men
81,Black Indron Jeans,DARKPARK,574,https://img.ssensemedia.com/images/222589M186018_1/darkpark-black-indron-jeans.jpg,10371901,men
82,Black DM2-2 Jeans,APPLIED ART FORMS,575,https://img.ssensemedia.com/images/231582M186002_1/applied-art-forms-black-dm2-2-jeans.jpg,12649061,men
83,Black One Cut Hybrid Jeans,Label Under Construction,1484,https://img.ssensemedia.com/images/222925M186000_1/label-under-construction-black-one-cut-hybrid-jeans.jpg,11118151,men
84,Blue Flare Jeans,Guess Jeans U.S.A.,232,https://img.ssensemedia.com/images/222603M186001_1/guess-usa-blue-flare-jeans.jpg,10307361,men
85,Indigo Straight-Leg Jeans,Guess Jeans U.S.A.,232,https://img.ssensemedia.com/images/222603M186002_1/guess-usa-indigo-straight-leg-jeans.jpg,10307401,men
86,Blue Grim Tim Denim Jeans,Nudie Jeans,240,https://img.ssensemedia.com/images/231078M186002_1/nudie-jeans-blue-grim-tim-denim-jeans.jpg,11589771,men
87,Blue Lean Dean Jeans,Nudie Jeans,240,https://img.ssensemedia.com/images/231078M186038_1/nudie-jeans-blue-lean-dean-jeans.jpg,11590321,men
88,Black Chitch Roll Up Jeans,Ksubi,285,https://img.ssensemedia.com/images/231088M186020_1/ksubi-black-chitch-roll-up-jeans.jpg,11537041,men
89,Black Chitch Disrupt Jeans,Ksubi,315,https://img.ssensemedia.com/images/231088M186022_1/ksubi-black-chitch-disrupt-jeans.jpg,11537061,men
90,Navy Van Winkle Habits Dialled Jeans,Ksubi,340,https://img.ssensemedia.com/images/231088M186025_1/ksubi-navy-van-winkle-habits-dialled-jeans.jpg,11537211,men
91,Blue Chitch Lovesik Jeans,Ksubi,365,https://img.ssensemedia.com/images/231088M186024_1/ksubi-blue-chitch-lovesik-jeans.jpg,11537141,men
92,Blue Van Winkle Highfly Jeans,Ksubi,315,https://img.ssensemedia.com/images/231088M186030_1/ksubi-blue-van-winkle-highfly-jeans.jpg,11537291,men
93,Blue Archive Jeans,Axel Arigato,270,https://img.ssensemedia.com/images/231307M186000_1/axel-arigato-blue-archive-jeans.jpg,12174961,men
94,Blue Tight Terry Jeans,Nudie Jeans,209,https://img.ssensemedia.com/images/222078M186061_1/nudie-jeans-blue-tight-terry-jeans.jpg,10865341,men
95,Black Tight Terry Jeans,Nudie Jeans,209,https://img.ssensemedia.com/images/222078M186063_1/nudie-jeans-black-tight-terry-jeans.jpg,10865361,men
96,Black Grim Tim Jeans,Nudie Jeans,209,https://img.ssensemedia.com/images/222078M186068_1/nudie-jeans-black-grim-tim-jeans.jpg,10865411,men
97,Navy Rad Rufus Jeans,Nudie Jeans,220,https://img.ssensemedia.com/images/222078M186082_1/nudie-jeans-navy-rad-rufus-jeans.jpg,10865611,men
98,Blue Tight Terry Jeans,Nudie Jeans,209,https://img.ssensemedia.com/images/222078M186064_1/nudie-jeans-blue-tight-terry-jeans.jpg,10865371,men
99,Black Broken Jeans,AMIRI,980,https://img.ssensemedia.com/images/231886M186014_1/amiri-black-broken-jeans.jpg,11610631,men
100,Blue Stack Jeans,AMIRI,980,https://img.ssensemedia.com/images/231886M186015_1/amiri-blue-stack-jeans.jpg,11610641,men
101,Blue Van Winkle Lovesik Jeans,Ksubi,315,https://img.ssensemedia.com/images/231088M186023_1/ksubi-blue-van-winkle-lovesik-jeans.jpg,11537131,men
102,Black Chitch Krow Unity Jeans,Ksubi,315,https://img.ssensemedia.com/images/231088M186031_1/ksubi-black-chitch-krow-unity-jeans.jpg,11537321,men
103,Blue Juice WRLD 999 CLUB Edition Anti K Juice Trip Jeans,Ksubi,440,https://img.ssensemedia.com/images/231088M186047_1/ksubi-blue-juice-wrld-999-club-edition-anti-k-juice-trip-jeans.jpg,12564531,men
104,Black Juice WRLD 999 CLUB Edition Van Winkle Heavens Jeans,Ksubi,440,https://img.ssensemedia.com/images/231088M186048_1/ksubi-black-juice-wrld-999-club-edition-van-winkle-heavens-jeans.jpg,12564571,men
105,Blue Van Winkle Elektrik Jeans,Ksubi,340,https://img.ssensemedia.com/images/231088M186018_1/ksubi-blue-van-winkle-elektrik-jeans.jpg,11536951,men
106,Blue Hazlow Elektrik Jeans,Ksubi,315,https://img.ssensemedia.com/images/231088M186019_1/ksubi-blue-hazlow-elektrik-jeans.jpg,11536961,men
107,Black Van Winkle Jeans,Ksubi,315,https://img.ssensemedia.com/images/231088M186021_1/ksubi-black-van-winkle-jeans.jpg,11537051,men
108,White Oliver Jeans,Erdem,705,https://img.ssensemedia.com/images/231641M186000_1/erdem-white-oliver-jeans.jpg,12480241,men
109,Gray Adjustable Zip Trousers,Charlie Constantinou,2335,https://img.ssensemedia.com/images/231785M186000_1/charlie-constantinou-gray-adjustable-zip-trousers.jpg,12871531,men
110,Black Terry Jeans,Nudie Jeans,200,https://img.ssensemedia.com/images/231078M186025_1/nudie-jeans-black-terry-jeans.jpg,11590071,men
111,Navy Fit 2 Jeans,rag & bone,335,https://img.ssensemedia.com/images/231055M186033_1/rag-and-bone-navy-fit-2-jeans.jpg,11811491,men
112,Black Tapered Jeans,The Letters,635,https://img.ssensemedia.com/images/231864M186001_1/the-letters-black-tapered-jeans.jpg,12793041,men
113,Blue Washed Jeans,The Letters,725,https://img.ssensemedia.com/images/231864M186000_1/the-letters-blue-washed-jeans.jpg,12793031,men
114,Gray Crashed Jeans,Commission,548,https://img.ssensemedia.com/images/222400M186002_1/commission-gray-crashed-jeans.jpg,10901451,men
115,Blue 70s Cut Jeans,Our Legacy,401,https://img.ssensemedia.com/images/222803M186003_1/our-legacy-blue-70s-cut-jeans.jpg,10667921,men
116,Blue Van Winkle Hypnotize Jeans,Ksubi,242,https://img.ssensemedia.com/images/222088M186014_1/ksubi-blue-van-winkle-hypnotize-jeans.jpg,9897201,men
117,SSENSE Exclusive Black Flower Jeans,KUSIKOHC,521,https://img.ssensemedia.com/images/222216M186001_1/kusikohc-ssense-exclusive-black-flower-jeans.jpg,10997591,men
118,SSENSE Exclusive Black Big Plaster Jeans,KUSIKOHC,672,https://img.ssensemedia.com/images/222216M186002_1/kusikohc-ssense-exclusive-black-big-plaster-jeans.jpg,10997601,men
119,SSENSE Exclusive Blue Multi Rivet Jeans,KUSIKOHC,643,https://img.ssensemedia.com/images/222216M186007_1/kusikohc-ssense-exclusive-blue-multi-rivet-jeans.jpg,11073411,men
120,SSENSE Exclusive Gray Half Plaster Jeans,KUSIKOHC,612,https://img.ssensemedia.com/images/222216M186003_1/kusikohc-ssense-exclusive-gray-half-plaster-jeans.jpg,10997611,men
121,SSENSE Exclusive Black & White Flower Jeans,KUSIKOHC,607,https://img.ssensemedia.com/images/222216M186000_1/kusikohc-ssense-exclusive-black-and-white-flower-jeans.jpg,10997581,men
122,SSENSE Exclusive Indigo Jeans,KUSIKOHC,786,https://img.ssensemedia.com/images/222216M186004_1/kusikohc-ssense-exclusive-indigo-jeans.jpg,10997621,men
123,Black Waxed Jeans,Saintwoods,600,https://img.ssensemedia.com/images/231597M186000_1/saintwoods-black-waxed-jeans.jpg,12882561,men
124,Green Signature Wrap Jeans,Ottolinger,591,https://img.ssensemedia.com/images/222016M186001_1/ottolinger-green-signature-wrap-jeans.jpg,11153971,men
125,Green Tearaway Jeans,YMC,202,https://img.ssensemedia.com/images/222161M191003_1/ymc-green-tearaway-jeans.jpg,9842611,men
126,Off-White Ironmonger Jeans,Toogood,426,https://img.ssensemedia.com/images/222676M186002_1/toogood-off-white-ironmonger-jeans.jpg,10279411,men
127,Brown 501 '93 Straight Jeans,Levi's,115,https://img.ssensemedia.com/images/231099M186001_1/levis-brown-501-93-straight-jeans.jpg,11115211,men
128,Gray 512 Slim Taper Jeans,Levi's,120,https://img.ssensemedia.com/images/222099M186007_1/levis-gray-512-slim-taper-jeans.jpg,10073221,men
129,Black White Stitch Jeans,MM6 Maison Margiela,403,https://img.ssensemedia.com/images/222188M191003_1/mm6-maison-margiela-black-white-stitch-jeans.jpg,10969001,men
130,Gray Chitch Jeans,Ksubi,233,https://img.ssensemedia.com/images/222088M186015_1/ksubi-gray-chitch-jeans.jpg,9897211,men
131,Black Straight-Leg Jeans,We11done,583,https://img.ssensemedia.com/images/222327M186000_1/we11done-black-straight-leg-jeans.jpg,11479071,men
132,Blue Low-Rise Jeans,We11done,583,https://img.ssensemedia.com/images/222327M186001_1/we11done-blue-low-rise-jeans.jpg,11479081,men
133,White & Yellow Printed Jeans,Versace Jeans Couture,560,https://img.ssensemedia.com/images/231202M186002_1/versace-jeans-couture-white-and-yellow-printed-jeans.jpg,11667351,men
134,Black & Yellow Printed Jeans,Versace Jeans Couture,560,https://img.ssensemedia.com/images/231202M186003_1/versace-jeans-couture-black-and-yellow-printed-jeans.jpg,11667361,men
135,Blue Baggy Jeans,Dime,180,https://img.ssensemedia.com/images/231841M186000_1/dime-blue-baggy-jeans.jpg,11492571,men
136,Off-White Baggy Jeans,Dime,180,https://img.ssensemedia.com/images/231841M186001_1/dime-off-white-baggy-jeans.jpg,11492581,men
137,Black Baggy Jeans,Dime,180,https://img.ssensemedia.com/images/231841M186002_1/dime-black-baggy-jeans.jpg,11492591,men
138,Blue Baggy Jeans,Dime,180,https://img.ssensemedia.com/images/231841M186003_1/dime-blue-baggy-jeans.jpg,11492601,men
139,Blue Twisted Jeans,Séfr,265,https://img.ssensemedia.com/images/231491M186000_1/sandeacutefr-blue-twisted-jeans.jpg,10669401,men
140,Brown Twisted Jeans,Séfr,265,https://img.ssensemedia.com/images/231491M186001_1/sandeacutefr-brown-twisted-jeans.jpg,10669411,men
141,Blue Utility Jeans,paria /FARZANEH,593,https://img.ssensemedia.com/images/222193M186000_1/paria-farzaneh-blue-utility-jeans.jpg,11288251,men
142,Black Terry Jeans,Nudie Jeans,240,https://img.ssensemedia.com/images/231078M186028_1/nudie-jeans-black-terry-jeans.jpg,11590101,men
143,Blue Lean Dean Jeans,Nudie Jeans,325,https://img.ssensemedia.com/images/231078M186041_1/nudie-jeans-blue-lean-dean-jeans.jpg,11590351,men
144,Beige Sonny 1834 Jeans,NN07,230,https://img.ssensemedia.com/images/231635M186000_1/nn07-beige-sonny-1834-jeans.jpg,11490911,men
145,Blue Distressed Jeans,ERL,347,https://img.ssensemedia.com/images/222260M186000_1/erl-blue-distressed-jeans.jpg,11066221,men
146,Blue Jacquard Jeans,ERL,428,https://img.ssensemedia.com/images/222260M186001_1/erl-blue-jacquard-jeans.jpg,11066231,men
147,Blue Faded Jeans,Alexander McQueen,1055,https://img.ssensemedia.com/images/231259M186003_1/alexander-mcqueen-blue-faded-jeans.jpg,11675131,men
148,Navy Straight-Leg Jeans,Maison Margiela,705,https://img.ssensemedia.com/images/222168M191032_1/maison-margiela-navy-straight-leg-jeans.jpg,11223531,men
149,Blue Contrast Stitch Jeans,Marni,618,https://img.ssensemedia.com/images/222379M191021_1/marni-blue-contrast-stitch-jeans.jpg,11143151,men
150,Blue Cool Guy Jeans,Dsquared2,460,https://img.ssensemedia.com/images/231148M186000_1/dsquared2-blue-cool-guy-jeans.jpg,11699741,men
151,Black Skater Jeans,Dsquared2,505,https://img.ssensemedia.com/images/231148M186030_1/dsquared2-black-skater-jeans.jpg,11700041,men
152,Beige Denim Tears Edition Knee Patch Jeans,Sky High Farm Workwear,490,https://img.ssensemedia.com/images/222219M186000_1/sky-high-farm-beige-denim-tears-edition-knee-patch-jeans.jpg,10429371,men
153,Blue Logohead Jeans,Brain Dead,320,https://img.ssensemedia.com/images/222266M186000_1/brain-dead-blue-logohead-jeans.jpg,11012751,men
154,Blue Flare Jeans,Ernest W. Baker,291,https://img.ssensemedia.com/images/222600M186007_1/ernest-w-baker-blue-flare-jeans.jpg,10817571,men
155,Blue Faded Jeans,Acne Studios,495,https://img.ssensemedia.com/images/222129M186036_1/acne-studios-blue-faded-jeans.jpg,10390721,men
156,Black 1995-SP2 Jeans,Diesel,300,https://img.ssensemedia.com/images/222001M186064_1/diesel-black-1995-sp2-jeans.jpg,10738471,men
157,Blue Doodle Print Jeans,Rhude,756,https://img.ssensemedia.com/images/222923M186010_1/rhude-blue-doodle-print-jeans.jpg,10440461,men
158,Blue Roadhouse Jeans,Commission,556,https://img.ssensemedia.com/images/222400M186001_1/commission-blue-roadhouse-jeans.jpg,10901441,men
159,Blue No.2 Jeans,Commission,407,https://img.ssensemedia.com/images/222400M186003_1/commission-blue-no2-jeans.jpg,10901461,men
160,Beige 'Le Jean Signature' Jeans,Drôle De Monsieur,196,https://img.ssensemedia.com/images/222572M186000_1/drandocircle-de-monsieur-beige-le-jean-signature-jeans.jpg,10559531,men
161,Black Steady Eddie II Jeans,Nudie Jeans,195,https://img.ssensemedia.com/images/231078M186023_1/nudie-jeans-black-steady-eddie-ii-jeans.jpg,11590051,men
162,Gray Clayton Jeans,RtA,440,https://img.ssensemedia.com/images/231702M186005_1/rta-gray-clayton-jeans.jpg,12084281,men
163,Black Bryant Jeans,RtA,430,https://img.ssensemedia.com/images/231702M186016_1/rta-black-bryant-jeans.jpg,12314031,men
164,Blue Chaps Jeans,Tommy Jeans x Martine Rose,160,https://img.ssensemedia.com/images/222794M186001_1/tommy-jeans-x-martine-rose-blue-chaps-jeans.jpg,11352301,men
165,Indigo Raver Jeans,K.NGSLEY,740,https://img.ssensemedia.com/images/231905M186000_1/kngsley-indigo-raver-jeans.jpg,12872461,men
166,Indigo RaceHim Jeans,K.NGSLEY,740,https://img.ssensemedia.com/images/231905M186001_1/kngsley-indigo-racehim-jeans.jpg,12872471,men
167,Navy Diran Denim Trousers,K.NGSLEY,680,https://img.ssensemedia.com/images/231905M186002_1/kngsley-navy-diran-denim-trousers.jpg,12872571,men
168,Off-White Parachute Jeans,Dion Lee,653,https://img.ssensemedia.com/images/222417M191005_1/dion-lee-off-white-parachute-jeans.jpg,10277441,men
169,Silver Metallic Jeans,VTMNTS,1475,https://img.ssensemedia.com/images/222254M186011_1/vtmnts-silver-metallic-jeans.jpg,11136771,men
170,SSENSE Exclusive White Jean Paul Gaultier Edition Jeans,Y/Project,648,https://img.ssensemedia.com/images/222893M186001_1/y-project-ssense-exclusive-white-jean-paul-gaultier-edition-jeans.jpg,10588741,men
171,Off-White Spiral Jeans,Mugler,717,https://img.ssensemedia.com/images/222345M186000_1/mugler-off-white-spiral-jeans.jpg,10172661,men
172,Gray Benz Jeans,Eytys,415,https://img.ssensemedia.com/images/231640M186003_1/eytys-gray-benz-jeans.jpg,11016211,men
173,Blue Benz Jeans,Eytys,310,https://img.ssensemedia.com/images/231640M186005_1/eytys-blue-benz-jeans.jpg,11016231,men
174,Gray Benz Jeans,Eytys,515,https://img.ssensemedia.com/images/231640M186007_1/eytys-gray-benz-jeans.jpg,11016251,men
175,Black Benz Jeans,Eytys,310,https://img.ssensemedia.com/images/231640M186011_1/eytys-black-benz-jeans.jpg,11016291,men
176,Off-White Orion Jeans,Eytys,385,https://img.ssensemedia.com/images/231640M186014_1/eytys-off-white-orion-jeans.jpg,11017281,men
177,Black Signature Wrap Jeans,Ottolinger,534,https://img.ssensemedia.com/images/222016M186000_1/ottolinger-black-signature-wrap-jeans.jpg,11153961,men
178,Black Petri Jeans,ADER error,547,https://img.ssensemedia.com/images/222039M186001_1/ader-error-black-petri-jeans.jpg,10321531,men
179,Navy Super Guy Elephant 11 Jeans,Naked & Famous Denim,194,https://img.ssensemedia.com/images/222527M186001_1/naked-and-famous-denim-navy-super-guy-elephant-11-jeans.jpg,11034171,men
180,SSENSE Exclusive Indigo 50 Panel Jeans,Parnell Mooney,533,https://img.ssensemedia.com/images/222555M186000_1/parnell-mooney-ssense-exclusive-indigo-50-panel-jeans.jpg,11566201,men
181,Blue Tapered Jeans,BOSS,152,https://img.ssensemedia.com/images/222085M186003_1/boss-hugo-boss-blue-tapered-jeans.jpg,10804121,men
182,Gray Cowboy Cuff Jeans,Y/Project,532,https://img.ssensemedia.com/images/222893M186016_1/y-project-gray-cowboy-cuff-jeans.jpg,10598471,men
183,Grey Y-Belt Jeans,Y/Project,355,https://img.ssensemedia.com/images/222893M186020_1/y-project-grey-y-belt-jeans.jpg,10598511,men
184,Black Monochrome Straight Jeans,Helmut Lang,450,https://img.ssensemedia.com/images/231154M191000_1/helmut-lang-black-monochrome-straight-jeans.jpg,11907211,men
185,Blue Paneled Jeans,C2H4,400,https://img.ssensemedia.com/images/231299M186000_1/c2h4-blue-paneled-jeans.jpg,11594051,men
186,Black Stagger Streamline Arch Jeans,C2H4,485,https://img.ssensemedia.com/images/231299M186002_1/c2h4-black-stagger-streamline-arch-jeans.jpg,11594101,men
187,Blue 'The Cast 2 Rigid' Jeans,John Elliott,790,https://img.ssensemedia.com/images/231761M186000_1/john-elliott-blue-the-cast-2-rigid-jeans.jpg,11682491,men
188,Black 'The Cast 2 Rigid' Jeans,John Elliott,790,https://img.ssensemedia.com/images/231761M186001_1/john-elliott-black-the-cast-2-rigid-jeans.jpg,11682541,men
189,Blue 'The Cast 2 Rigid' Jeans,John Elliott,790,https://img.ssensemedia.com/images/231761M186002_1/john-elliott-blue-the-cast-2-rigid-jeans.jpg,11682561,men
190,Brown 'The Cast 2' Jeans,John Elliott,540,https://img.ssensemedia.com/images/231761M186003_1/john-elliott-brown-the-cast-2-jeans.jpg,11682581,men
191,Gray 'The Daze' Jeans,John Elliott,1185,https://img.ssensemedia.com/images/231761M186004_1/john-elliott-gray-the-daze-jeans.jpg,11682611,men
192,Khaki 'The Cast 2' Jeans,John Elliott,525,https://img.ssensemedia.com/images/231761M186012_1/john-elliott-khaki-the-cast-2-jeans.jpg,11873411,men
193,Blue D-Viker Jeans,Diesel,180,https://img.ssensemedia.com/images/222001M186062_1/diesel-blue-d-viker-jeans.jpg,10738451,men
194,Off-White Doodle Flower Chason Jeans,Collina Strada,580,https://img.ssensemedia.com/images/231236M186000_1/collina-strada-off-white-doodle-flower-chason-jeans.jpg,12541371,men
195,Blue 'L'Homme Skinny Degradable' Jeans,FRAME,300,https://img.ssensemedia.com/images/231455M186020_1/frame-blue-lhomme-skinny-degradable-jeans.jpg,11551331,men
196,Blue 'L'Homme Skinny' Jeans,FRAME,285,https://img.ssensemedia.com/images/231455M186022_1/frame-blue-lhomme-skinny-jeans.jpg,11551351,men
197,Blue Cigarette Jeans,Stolen Girlfriends Club,285,https://img.ssensemedia.com/images/231068M186000_1/stolen-girlfriends-club-blue-cigarette-jeans.jpg,12726871,men
198,Black MX1 Jeans,AMIRI,1350,https://img.ssensemedia.com/images/231886M186002_1/amiri-black-mx1-jeans.jpg,11610501,men
199,Indigo Stack Jeans,AMIRI,855,https://img.ssensemedia.com/images/231886M186007_1/amiri-indigo-stack-jeans.jpg,11610561,men
200,Indigo Stack Jeans,AMIRI,765,https://img.ssensemedia.com/images/231886M186008_1/amiri-indigo-stack-jeans.jpg,11610571,men
201,Black Stack Jeans,AMIRI,855,https://img.ssensemedia.com/images/231886M186009_1/amiri-black-stack-jeans.jpg,11610581,men
202,Black Thrasher Jeans,AMIRI,1105,https://img.ssensemedia.com/images/231886M186012_1/amiri-black-thrasher-jeans.jpg,11610611,men
203,Blue Broken Jeans,AMIRI,870,https://img.ssensemedia.com/images/231886M186016_1/amiri-blue-broken-jeans.jpg,11610651,men
204,Black Slash Jeans,AMIRI,980,https://img.ssensemedia.com/images/231886M186018_1/amiri-black-slash-jeans.jpg,11610671,men
205,Blue Carpenter Jeans,AMIRI,1350,https://img.ssensemedia.com/images/231886M186027_1/amiri-blue-carpenter-jeans.jpg,11612761,men
206,Black Carpenter Jeans,AMIRI,1350,https://img.ssensemedia.com/images/231886M186028_1/amiri-black-carpenter-jeans.jpg,11612771,men
207,Indigo Bar Jeans,AMIRI,1225,https://img.ssensemedia.com/images/231886M186035_1/amiri-indigo-bar-jeans.jpg,11612841,men
208,Indigo Distressed Jeans,AMIRI,1600,https://img.ssensemedia.com/images/231886M186040_1/amiri-indigo-distressed-jeans.jpg,11612891,men
209,Indigo Serif Jeans,AMIRI,1600,https://img.ssensemedia.com/images/231886M186042_1/amiri-indigo-serif-jeans.jpg,11612911,men
210,Blue MX1 Jeans,AMIRI,1350,https://img.ssensemedia.com/images/231886M186046_1/amiri-blue-mx1-jeans.jpg,11612951,men
211,Black MX1 Jeans,AMIRI,1350,https://img.ssensemedia.com/images/231886M186047_1/amiri-black-mx1-jeans.jpg,11612961,men
212,Indigo Stack Jeans,AMIRI,855,https://img.ssensemedia.com/images/231886M186048_1/amiri-indigo-stack-jeans.jpg,11612971,men
213,Indigo MX1 Jeans,AMIRI,1350,https://img.ssensemedia.com/images/231886M186049_1/amiri-indigo-mx1-jeans.jpg,11612981,men
214,Black Tie-Dye Jeans,AMIRI,1350,https://img.ssensemedia.com/images/231886M186050_1/amiri-black-tie-dye-jeans.jpg,11612991,men
215,Indigo MX1 Jeans,AMIRI,1350,https://img.ssensemedia.com/images/231886M186064_1/amiri-indigo-mx1-jeans.jpg,11614031,men
216,Black Thrasher Jeans,AMIRI,1845,https://img.ssensemedia.com/images/231886M186065_1/amiri-black-thrasher-jeans.jpg,11614041,men
217,Indigo Thrasher Jeans,AMIRI,1845,https://img.ssensemedia.com/images/231886M186066_1/amiri-indigo-thrasher-jeans.jpg,11614051,men
218,Indigo Thrasher Jeans,AMIRI,1845,https://img.ssensemedia.com/images/231886M186067_1/amiri-indigo-thrasher-jeans.jpg,11614061,men
219,Indigo MX1 Jeans,AMIRI,1350,https://img.ssensemedia.com/images/231886M186068_1/amiri-indigo-mx1-jeans.jpg,11614071,men
220,Indigo MX1 Jeans,AMIRI,1350,https://img.ssensemedia.com/images/231886M186069_1/amiri-indigo-mx1-jeans.jpg,11735401,men
221,Black Sonny 1726 Jeans,NN07,230,https://img.ssensemedia.com/images/231635M191005_1/nn07-black-sonny-1726-jeans.jpg,11490591,men
222,Black 'L'Homme Slim' Jeans,FRAME,300,https://img.ssensemedia.com/images/231455M186018_1/frame-black-lhomme-slim-jeans.jpg,11551311,men
223,Black 'L'Homme Skinny' Jeans,FRAME,300,https://img.ssensemedia.com/images/231455M186021_1/frame-black-lhomme-skinny-jeans.jpg,11551341,men
224,Blue Boxy Clayton Jeans,FRAME,390,https://img.ssensemedia.com/images/231455M186025_1/frame-blue-boxy-clayton-jeans.jpg,11551381,men
225,Green Drape Jeans,Ottolinger,533,https://img.ssensemedia.com/images/222016M186003_1/ottolinger-green-drape-jeans.jpg,11154171,men
226,Blue Baggy Jeans,424,353,https://img.ssensemedia.com/images/222010M191013_1/424-blue-baggy-jeans.jpg,10762821,men
227,Black Social Sculpture Jeans,Visvim,780,https://img.ssensemedia.com/images/222487M186000_1/visvim-black-social-sculpture-jeans.jpg,10717131,men
228,Blue Eddie II Jeans,Nudie Jeans,215,https://img.ssensemedia.com/images/231078M186022_1/nudie-jeans-blue-eddie-ii-jeans.jpg,11590041,men
229,Blue Wide-leg Jeans,Comme des Garçons Homme,565,https://img.ssensemedia.com/images/222057M186002_1/comme-des-garcons-homme-blue-wide-leg-jeans.jpg,10466921,men
230,Blue Pleated Jeans,Maison Margiela,666,https://img.ssensemedia.com/images/222168M191036_1/maison-margiela-blue-pleated-jeans.jpg,11262111,men
231,Black Jack Jeans,Isabel Marant,257,https://img.ssensemedia.com/images/222600M186011_1/isabel-marant-black-jack-jeans.jpg,11098151,men
232,Black Regular Jeans,thisisneverthat,139,https://img.ssensemedia.com/images/222631M186000_1/thisisneverthat-black-regular-jeans.jpg,12642931,men
233,Black Single Arrow Jeans,Off-White,685,https://img.ssensemedia.com/images/231607M186000_1/off-white-black-single-arrow-jeans.jpg,11648081,men
234,Blue Single Arrow Jeans,Off-White,685,https://img.ssensemedia.com/images/231607M186001_1/off-white-blue-single-arrow-jeans.jpg,11648091,men
235,Blue Single Arrow Jeans,Off-White,685,https://img.ssensemedia.com/images/231607M186002_1/off-white-blue-single-arrow-jeans.jpg,11648101,men
236,Blue Pistolero Jeans,Tiger of Sweden,198,https://img.ssensemedia.com/images/222115M186010_1/tiger-of-sweden-blue-pistolero-jeans.jpg,10761061,men
237,Blue Skater Jeans,Dsquared2,488,https://img.ssensemedia.com/images/222148M186012_1/dsquared2-blue-skater-jeans.jpg,10107331,men
238,Blue Ringo Jeans,Alchemist,377,https://img.ssensemedia.com/images/222383M186006_1/alchemist-blue-ringo-jeans.jpg,11248561,men
239,Blue Destroyed Jeans,NotSoNormal,994,https://img.ssensemedia.com/images/222438M186003_1/notsonormal-blue-destroyed-jeans.jpg,11091401,men
240,Gray Overdyed Jeans,Rhude,435,https://img.ssensemedia.com/images/222923M186004_1/rhude-gray-overdyed-jeans.jpg,10440351,men
241,Black Petit Standard Jeans,A.P.C.,255,https://img.ssensemedia.com/images/231252M186024_1/apc-black-petit-standard-jeans.jpg,11568171,men
242,White Fit 2 Jeans,rag & bone,260,https://img.ssensemedia.com/images/231055M186038_1/rag-and-bone-white-fit-2-jeans.jpg,11811541,men
243,Blue Wide-Leg Jeans,Balmain,815,https://img.ssensemedia.com/images/222251M186009_1/balmain-blue-wide-leg-jeans.jpg,11113311,men
244,Blue Jacquard Jeans,Dolce & Gabbana,1520,https://img.ssensemedia.com/images/222003M186016_1/dolce-and-gabbana-blue-jacquard-jeans.jpg,10516541,men
245,Blue Archer Jeans,Won Hundred,200,https://img.ssensemedia.com/images/222636M186013_1/won-hundred-blue-archer-jeans.jpg,10718021,men
246,Blue Rolled Jeans,132 5. ISSEY MIYAKE,1280,https://img.ssensemedia.com/images/222302M186000_1/issey-miyake-132-5-blue-rolled-jeans.jpg,10654361,men
247,Brown Slim Jeans,TOM FORD,1250,https://img.ssensemedia.com/images/222076M186007_1/tom-ford-brown-slim-jeans.jpg,10721581,men
248,White Chaps Jeans,Tommy Jeans x Martine Rose,156,https://img.ssensemedia.com/images/222794M186000_1/tommy-jeans-x-martine-rose-white-chaps-jeans.jpg,11352111,men
249,SSENSE Exclusive Navy & White Jeans,Steven Passaro,784,https://img.ssensemedia.com/images/222662M186000_1/steven-passaro-ssense-exclusive-navy-and-white-jeans.jpg,10898291,men
250,Black Proprietary Jeans,HELIOT EMIL,400,https://img.ssensemedia.com/images/222295M186004_1/heliot-emil-black-proprietary-jeans.jpg,10429691,men
251,Blue Big Jeans,mfpen,226,https://img.ssensemedia.com/images/222505M186000_1/mfpen-blue-big-jeans.jpg,10487031,men
252,Blue Regular Jeans,thisisneverthat,152,https://img.ssensemedia.com/images/222631M186001_1/thisisneverthat-blue-regular-jeans.jpg,12642941,men
253,Blue Regular Jeans,thisisneverthat,141,https://img.ssensemedia.com/images/222631M186002_1/thisisneverthat-blue-regular-jeans.jpg,12642951,men
254,Off-White Five-Pocket Jeans,Agnona,883,https://img.ssensemedia.com/images/222823M186000_1/agnona-off-white-five-pocket-jeans.jpg,10279041,men
255,Black Bryant Jeans,RtA,430,https://img.ssensemedia.com/images/231702M186019_1/rta-black-bryant-jeans.jpg,12314061,men
256,Black Wide-Leg Jeans,Marni,701,https://img.ssensemedia.com/images/222379M186002_1/marni-black-wide-leg-jeans.jpg,11148601,men
257,Taupe Geth Jeans,Rick Owens Drkshdw,821,https://img.ssensemedia.com/images/222126M186031_1/rick-owens-drkshdw-taupe-geth-jeans.jpg,10494321,men
258,Blue Classic Wire Jeans,Y/Project,413,https://img.ssensemedia.com/images/222893M186011_1/y-project-blue-classic-wire-jeans.jpg,10598421,men
259,Blue Classic Button Panel Jeans,Y/Project,536,https://img.ssensemedia.com/images/222893M186015_1/y-project-blue-classic-button-panel-jeans.jpg,10598461,men
260,Blue Multi Cuff Jeans,Y/Project,367,https://img.ssensemedia.com/images/222893M186023_1/y-project-blue-multi-cuff-jeans.jpg,10598681,men
261,Blue Classic Asymmetric Jeans,Y/Project,336,https://img.ssensemedia.com/images/222893M186024_1/y-project-blue-classic-asymmetric-jeans.jpg,10598691,men
262,Red 2010 Straight Jeans,Diesel,975,https://img.ssensemedia.com/images/231001M186000_1/diesel-red-2010-straight-jeans.jpg,11631081,men
263,Black Chitch Streets Jeans,Ksubi,365,https://img.ssensemedia.com/images/231088M186004_1/ksubi-black-chitch-streets-jeans.jpg,11536121,men
264,Blue Van Winkle Pure Streets Jeans,Ksubi,315,https://img.ssensemedia.com/images/231088M186005_1/ksubi-blue-van-winkle-pure-streets-jeans.jpg,11536141,men
265,Blue Anti K Streets Kolor Jeans,Ksubi,415,https://img.ssensemedia.com/images/231088M186007_1/ksubi-blue-anti-k-streets-kolor-jeans.jpg,11536161,men
266,Black Van Winkle Reakt Jeans,Ksubi,340,https://img.ssensemedia.com/images/231088M186008_1/ksubi-black-van-winkle-reakt-jeans.jpg,11536201,men
267,Beige & Black Chitch Zoo Jeans,Ksubi,340,https://img.ssensemedia.com/images/231088M186010_1/ksubi-beige-and-black-chitch-zoo-jeans.jpg,11536281,men
268,Black Van Winkle 1999 Jeans,Ksubi,315,https://img.ssensemedia.com/images/231088M186017_1/ksubi-black-van-winkle-1999-jeans.jpg,11536711,men
269,Blue Van Winkle Kash Box Jeans,Ksubi,340,https://img.ssensemedia.com/images/231088M186012_1/ksubi-blue-van-winkle-kash-box-jeans.jpg,11536381,men
270,Black Van Winkle Dynamite Trash Jeans,Ksubi,340,https://img.ssensemedia.com/images/231088M186034_1/ksubi-black-van-winkle-dynamite-trash-jeans.jpg,11537841,men
271,Gray Chitch Prodigy Jeans,Ksubi,255,https://img.ssensemedia.com/images/231088M186038_1/ksubi-gray-chitch-prodigy-jeans.jpg,11538031,men
272,Black Van Winkle Ace Sliced Jeans,Ksubi,310,https://img.ssensemedia.com/images/231088M186044_1/ksubi-black-van-winkle-ace-sliced-jeans.jpg,11538091,men
273,Black Chitch Wax Jeans,Ksubi,310,https://img.ssensemedia.com/images/231088M186046_1/ksubi-black-chitch-wax-jeans.jpg,11538121,men
274,Indigo M-51 Jeans,Kuro,471,https://img.ssensemedia.com/images/222218M188000_1/kuro-indigo-m-51-jeans.jpg,10891501,men
275,Khaki Marbled Jeans,Dries Van Noten,810,https://img.ssensemedia.com/images/222358M186009_1/dries-van-noten-khaki-marbled-jeans.jpg,10417201,men
276,Black Tapered Jeans,Marni,564,https://img.ssensemedia.com/images/222379M191023_1/marni-black-tapered-jeans.jpg,11143171,men
277,Blue Chitch 'The Streets Kolor' Jeans,Ksubi,415,https://img.ssensemedia.com/images/231088M186006_1/ksubi-blue-chitch-the-streets-kolor-jeans.jpg,11536151,men
278,Blue Anti K Kash Box Jeans,Ksubi,340,https://img.ssensemedia.com/images/231088M186011_1/ksubi-blue-anti-k-kash-box-jeans.jpg,11536371,men
279,White Van Winkle Collective Jeans,Ksubi,365,https://img.ssensemedia.com/images/231088M186013_1/ksubi-white-van-winkle-collective-jeans.jpg,11536471,men
280,Black Chitch Refrakt Jeans,Ksubi,340,https://img.ssensemedia.com/images/231088M186014_1/ksubi-black-chitch-refrakt-jeans.jpg,11536571,men
281,Blue Chitch Philly Dollar Jeans,Ksubi,315,https://img.ssensemedia.com/images/231088M186015_1/ksubi-blue-chitch-philly-dollar-jeans.jpg,11536641,men
282,Blue Wolfgang 3rd Degree Jeans,Ksubi,285,https://img.ssensemedia.com/images/231088M186016_1/ksubi-blue-wolfgang-3rd-degree-jeans.jpg,11536651,men
283,Gray Chitch Prodigy Trashed Jeans,Ksubi,310,https://img.ssensemedia.com/images/231088M186033_1/ksubi-gray-chitch-prodigy-trashed-jeans.jpg,11537831,men
284,Blue Chitch Philly Jeans,Ksubi,285,https://img.ssensemedia.com/images/231088M186035_1/ksubi-blue-chitch-philly-jeans.jpg,11538001,men
285,Blue Chitch Pure Dynamite Jeans,Ksubi,280,https://img.ssensemedia.com/images/231088M186036_1/ksubi-blue-chitch-pure-dynamite-jeans.jpg,11538011,men
286,Blue Chitch Punk Thrashed Jeans,Ksubi,310,https://img.ssensemedia.com/images/231088M186037_1/ksubi-blue-chitch-punk-thrashed-jeans.jpg,11538021,men
287,Black Chitch Laid Jeans,Ksubi,250,https://img.ssensemedia.com/images/231088M186039_1/ksubi-black-chitch-laid-jeans.jpg,11538041,men
288,Black Chitch Boneyard Jeans,Ksubi,310,https://img.ssensemedia.com/images/231088M186040_1/ksubi-black-chitch-boneyard-jeans.jpg,11538051,men
289,Black Chitch Krow Krushed Jeans,Ksubi,285,https://img.ssensemedia.com/images/231088M186041_1/ksubi-black-chitch-krow-krushed-jeans.jpg,11538061,men
290,Blue Van Winkle Trashed Jeans,Ksubi,310,https://img.ssensemedia.com/images/231088M186042_1/ksubi-blue-van-winkle-trashed-jeans.jpg,11538071,men
291,Black Van Winkle Rebel Jeans,Ksubi,265,https://img.ssensemedia.com/images/231088M186043_1/ksubi-black-van-winkle-rebel-jeans.jpg,11538081,men
292,Black Van Winkle Angst Trashed Jeans,Ksubi,310,https://img.ssensemedia.com/images/231088M186045_1/ksubi-black-van-winkle-angst-trashed-jeans.jpg,11538101,men
293,Black Avenir Jeans,Kuro,230,https://img.ssensemedia.com/images/222218M186002_1/kuro-black-avenir-jeans.jpg,10891591,men
294,Gray Grim Tim Jeans,Nudie Jeans,230,https://img.ssensemedia.com/images/231078M186000_1/nudie-jeans-gray-grim-tim-jeans.jpg,11589751,men
295,Gray MX1 Jeans,AMIRI,1365,https://img.ssensemedia.com/images/231886M186000_1/amiri-gray-mx1-jeans.jpg,11598111,men
296,Blue 2019 D-Strukt Jeans,Diesel,180,https://img.ssensemedia.com/images/222001M186049_1/diesel-blue-2019-d-strukt-jeans.jpg,10738321,men
297,Black 2005 D-Fining Jeans,Diesel,207,https://img.ssensemedia.com/images/222001M186055_1/diesel-black-2005-d-fining-jeans.jpg,10738381,men
298,Black 1979 Sleenker Jeans,Diesel,201,https://img.ssensemedia.com/images/222001M186061_1/diesel-black-1979-sleenker-jeans.jpg,10738441,men
299,Blue Fusion Jeans,Who Decides War by MRDR BRVDO,761,https://img.ssensemedia.com/images/222389M186024_1/who-decides-war-by-mrdr-brvdo-blue-fusion-jeans.jpg,11384481,men
300,Black & Red Fusion Jeans,Who Decides War by MRDR BRVDO,693,https://img.ssensemedia.com/images/222389M186029_1/who-decides-war-by-mrdr-brvdo-black-and-red-fusion-jeans.jpg,11384541,men
301,Gray Petit New Standard Jeans,A.P.C.,255,https://img.ssensemedia.com/images/231252M186020_1/apc-gray-petit-new-standard-jeans.jpg,11568131,men
302,Gray Petit Standard Jeans,A.P.C.,255,https://img.ssensemedia.com/images/231252M186021_1/apc-gray-petit-standard-jeans.jpg,11568141,men
303,Blue Standard Jeans,A.P.C.,230,https://img.ssensemedia.com/images/231252M186025_1/apc-blue-standard-jeans.jpg,11568181,men
304,Blue Wide-Leg Jeans,F-LAGSTUF-F,180,https://img.ssensemedia.com/images/222040M186000_1/f-lagstuf-f-blue-wide-leg-jeans.jpg,11444911,men
305,Blue Bryant Jeans,RtA,490,https://img.ssensemedia.com/images/231702M186018_1/rta-blue-bryant-jeans.jpg,12314051,men
306,Black Akio Jeans,RtA,375,https://img.ssensemedia.com/images/231702M186020_1/rta-black-akio-jeans.jpg,12314091,men
307,Black Bryant Jeans,RtA,490,https://img.ssensemedia.com/images/231702M186021_1/rta-black-bryant-jeans.jpg,12314101,men
308,Blue Bryant Jeans,RtA,490,https://img.ssensemedia.com/images/231702M186022_1/rta-blue-bryant-jeans.jpg,12314111,men
309,Black Clayton Jeans,RtA,400,https://img.ssensemedia.com/images/231702M186024_1/rta-black-clayton-jeans.jpg,12314131,men
310,SSENSE Exclusive Navy Streams Jeans,Serapis,302,https://img.ssensemedia.com/images/222238M186031_1/serapis-ssense-exclusive-navy-streams-jeans.jpg,11016051,men
311,Brown Oil Sand Jeans,Serapis,353,https://img.ssensemedia.com/images/222238M191001_1/serapis-brown-oil-sand-jeans.jpg,10930861,men
312,Multicolor Newspaper Cuts Jeans,Serapis,342,https://img.ssensemedia.com/images/222238M191003_1/serapis-multicolor-newspaper-cuts-jeans.jpg,10930911,men
313,Black Paneled Jeans,Balmain,1230,https://img.ssensemedia.com/images/222251M186003_1/balmain-black-paneled-jeans.jpg,10072421,men
314,Black DM2-1 Jeans,APPLIED ART FORMS,470,https://img.ssensemedia.com/images/231582M186000_1/applied-art-forms-black-dm2-1-jeans.jpg,12648981,men
315,SSENSE Exclusive Black Sailor Jeans,Serapis,411,https://img.ssensemedia.com/images/222238M186032_1/serapis-ssense-exclusive-black-sailor-jeans.jpg,11016101,men
316,Multicolor Brown Bags Jeans,Serapis,398,https://img.ssensemedia.com/images/222238M191002_1/serapis-multicolor-brown-bags-jeans.jpg,10930881,men
317,Black Sailor Jeans,Serapis,426,https://img.ssensemedia.com/images/222238M191005_1/serapis-black-sailor-jeans.jpg,10930951,men
318,Blue 2019 D-Strukt Jeans,Diesel,206,https://img.ssensemedia.com/images/222001M186050_1/diesel-blue-2019-d-strukt-jeans.jpg,10738331,men
319,Blue 2005 D-Fining Jeans,Diesel,207,https://img.ssensemedia.com/images/222001M186054_1/diesel-blue-2005-d-fining-jeans.jpg,10738371,men
320,Black 02 Jeans,BLK DNM,198,https://img.ssensemedia.com/images/222350M186001_1/blk-dnm-black-02-jeans.jpg,10842171,men
321,Black Flare Jeans,Ernest W. Baker,333,https://img.ssensemedia.com/images/222600M186005_1/ernest-w-baker-black-flare-jeans.jpg,10817551,men
322,Blue Cut Out Boyfriend Jeans,GAUCHERE,400,https://img.ssensemedia.com/images/222808M186003_1/gauchere-blue-cut-out-boyfriend-jeans.jpg,11073791,men
323,Black Boyfriend Jeans,GAUCHERE,389,https://img.ssensemedia.com/images/222808M186004_1/gauchere-black-boyfriend-jeans.jpg,11073801,men
324,Blue Pleated Jeans,Noah,350,https://img.ssensemedia.com/images/222876M191004_1/noah-blue-pleated-jeans.jpg,10909371,men
325,Blue Beit Jeans,Schnayderman's,213,https://img.ssensemedia.com/images/222989M186001_1/schnaydermans-blue-beit-jeans.jpg,10325321,men
326,Blue 1979 Sleenker Jeans,Diesel,180,https://img.ssensemedia.com/images/222001M186060_1/diesel-blue-1979-sleenker-jeans.jpg,10738431,men
327,Black Gritty Jackson Jeans,Nudie Jeans,175,https://img.ssensemedia.com/images/231078M186007_1/nudie-jeans-black-gritty-jackson-jeans.jpg,11589821,men
328,Indigo Lean Dean Jeans,Nudie Jeans,200,https://img.ssensemedia.com/images/231078M186011_1/nudie-jeans-indigo-lean-dean-jeans.jpg,11589871,men
329,Black Lin Jeans,Nudie Jeans,240,https://img.ssensemedia.com/images/231078M186020_1/nudie-jeans-black-lin-jeans.jpg,11589981,men
330,Navy Steady Eddie II Jeans,Nudie Jeans,200,https://img.ssensemedia.com/images/231078M186024_1/nudie-jeans-navy-steady-eddie-ii-jeans.jpg,11590061,men
331,Navy Stitch Jeans,Maison Margiela,705,https://img.ssensemedia.com/images/222168M191035_1/maison-margiela-navy-stitch-jeans.jpg,11223561,men
332,Tan Standard Jeans,Jil Sander,645,https://img.ssensemedia.com/images/222249M186000_1/jil-sander-tan-standard-jeans.jpg,10590531,men
333,Blue City Jeans,ZEGNA,496,https://img.ssensemedia.com/images/222142M186006_1/zegna-blue-city-jeans.jpg,10726741,men
334,Indigo High Standard Jeans,A.P.C.,245,https://img.ssensemedia.com/images/231252M186010_1/apc-indigo-high-standard-jeans.jpg,11567971,men
335,Indigo Petit New Standard Selvedge Jeans,A.P.C.,240,https://img.ssensemedia.com/images/231252M186011_1/apc-indigo-petit-new-standard-selvedge-jeans.jpg,11567981,men
336,Indigo New Standard Jeans,A.P.C.,240,https://img.ssensemedia.com/images/231252M186012_1/apc-indigo-new-standard-jeans.jpg,11568051,men
337,Indigo Petit Standard Selvedge Jeans,A.P.C.,240,https://img.ssensemedia.com/images/231252M186013_1/apc-indigo-petit-standard-selvedge-jeans.jpg,11568061,men
338,Indigo Standard Selvedge Jeans,A.P.C.,240,https://img.ssensemedia.com/images/231252M186014_1/apc-indigo-standard-selvedge-jeans.jpg,11568071,men
339,Indigo Petit New Standard Jeans,A.P.C.,255,https://img.ssensemedia.com/images/231252M186015_1/apc-indigo-petit-new-standard-jeans.jpg,11568081,men
340,Indigo Petit Standard Jeans,A.P.C.,255,https://img.ssensemedia.com/images/231252M186016_1/apc-indigo-petit-standard-jeans.jpg,11568091,men
341,Blue Petit New Standard Jeans,A.P.C.,255,https://img.ssensemedia.com/images/231252M186017_1/apc-blue-petit-new-standard-jeans.jpg,11568101,men
342,Blue New Standard Jeans,A.P.C.,255,https://img.ssensemedia.com/images/231252M186018_1/apc-blue-new-standard-jeans.jpg,11568111,men
343,Blue Petit Standard Jeans,A.P.C.,255,https://img.ssensemedia.com/images/231252M186019_1/apc-blue-petit-standard-jeans.jpg,11568121,men
344,Black Petit New Standard Jeans,A.P.C.,255,https://img.ssensemedia.com/images/231252M186022_1/apc-black-petit-new-standard-jeans.jpg,11568151,men
345,Black New Standard Jeans,A.P.C.,255,https://img.ssensemedia.com/images/231252M186023_1/apc-black-new-standard-jeans.jpg,11568161,men
346,Gray Relaxed Distressed Jeans,Han Kjobenhavn,390,https://img.ssensemedia.com/images/231827M186001_1/han-kjobenhavn-gray-relaxed-distressed-jeans.jpg,11534031,men
347,Black Cool Guy Jeans,Dsquared2,484,https://img.ssensemedia.com/images/222148M186039_1/dsquared2-black-cool-guy-jeans.jpg,10777611,men
348,Indigo Limited Edition Straight Jeans,RRL,436,https://img.ssensemedia.com/images/222435M186008_1/rrl-indigo-limited-edition-straight-jeans.jpg,9398741,men
349,Blue Flare Jeans,Ernest W. Baker,325,https://img.ssensemedia.com/images/222600M186004_1/ernest-w-baker-blue-flare-jeans.jpg,10817541,men
350,Black Tight Terry Slim Jeans,Nudie Jeans,145,https://img.ssensemedia.com/images/222078M186037_1/nudie-jeans-black-tight-terry-slim-jeans.jpg,9848551,men
351,Black MX1 Jeans,AMIRI,1116,https://img.ssensemedia.com/images/222886M186085_1/amiri-black-mx1-jeans.jpg,10819061,men
352,Indigo Banibano Jeans,A.P.C.,405,https://img.ssensemedia.com/images/231252M186026_1/apc-indigo-banibano-jeans.jpg,11684091,men
353,Black Painted Jeans,Maison Margiela,860,https://img.ssensemedia.com/images/222168M191031_1/maison-margiela-black-painted-jeans.jpg,11223521,men
354,Black Painted Jeans,Maison Margiela,925,https://img.ssensemedia.com/images/222168M191034_1/maison-margiela-black-painted-jeans.jpg,11223551,men
355,Black Pleated Jeans,Maison Margiela,886,https://img.ssensemedia.com/images/222168M191037_1/maison-margiela-black-pleated-jeans.jpg,11262121,men
356,Blue Snakeskin Jeans,MM6 Maison Margiela,465,https://img.ssensemedia.com/images/222188M191009_1/mm6-maison-margiela-blue-snakeskin-jeans.jpg,10969061,men
357,Navy Faded Jeans,MM6 Maison Margiela,305,https://img.ssensemedia.com/images/222188M191017_1/mm6-maison-margiela-navy-faded-jeans.jpg,10969141,men
358,Navy Faded Jeans,MM6 Maison Margiela,329,https://img.ssensemedia.com/images/222188M191002_1/mm6-maison-margiela-navy-faded-jeans.jpg,10968991,men
359,Black Slim-Fit Jeans,MM6 Maison Margiela,355,https://img.ssensemedia.com/images/222188M191018_1/mm6-maison-margiela-black-slim-fit-jeans.jpg,10969151,men
360,SSENSE Exclusive Red Overdyed Jeans,Parnell Mooney,322,https://img.ssensemedia.com/images/222555M186002_1/parnell-mooney-ssense-exclusive-red-overdyed-jeans.jpg,11566231,men
361,Blue Faded Jeans,Harmony,235,https://img.ssensemedia.com/images/222678M186000_1/harmony-blue-faded-jeans.jpg,10840811,men
362,Off-White Button Jeans,Harmony,203,https://img.ssensemedia.com/images/222678M186001_1/harmony-off-white-button-jeans.jpg,10840821,men
363,Blue Denis Jeans,RtA,530,https://img.ssensemedia.com/images/222702M192002_1/rta-blue-denis-jeans.jpg,11043661,men
364,White Le Papier 'Le De Nîmes Bicou' Jeans,Jacquemus,347,https://img.ssensemedia.com/images/222553M191023_1/jacquemus-white-le-papier-le-de-nimes-bicou-jeans.jpg,10648071,men
365,Pink Le Papier 'Le De Nîmes Bicou' Jeans,Jacquemus,462,https://img.ssensemedia.com/images/222553M191024_1/jacquemus-pink-le-papier-le-de-nimes-bicou-jeans.jpg,10648081,men
366,Khaki Le Papier 'Le De Nîmes Bicou' Jeans,Jacquemus,462,https://img.ssensemedia.com/images/222553M191025_1/jacquemus-khaki-le-papier-le-de-nimes-bicou-jeans.jpg,10648091,men
367,Blue Le Papier 'Le De Nîmes Bicou' Jeans,Jacquemus,413,https://img.ssensemedia.com/images/222553M191026_1/jacquemus-blue-le-papier-le-de-nimes-bicou-jeans.jpg,10648101,men
368,Black Moon Jeans,Marine Serre,976,https://img.ssensemedia.com/images/222020M186001_1/marine-serre-black-moon-jeans.jpg,10754751,men
369,Green Petrichor Jeans,Marine Serre,1085,https://img.ssensemedia.com/images/222020M186002_1/marine-serre-green-petrichor-jeans.jpg,10754831,men
370,Blue Altar Lace Fusion Jeans,Who Decides War by MRDR BRVDO,810,https://img.ssensemedia.com/images/222389M186019_1/who-decides-war-by-mrdr-brvdo-blue-altar-lace-fusion-jeans.jpg,11384421,men
371,Black Fusion Jeans,Who Decides War by MRDR BRVDO,693,https://img.ssensemedia.com/images/222389M186030_1/who-decides-war-by-mrdr-brvdo-black-fusion-jeans.jpg,11384551,men
372,Blue Hidji Signature Jeans,Who Decides War by MRDR BRVDO,761,https://img.ssensemedia.com/images/222389M186033_1/who-decides-war-by-mrdr-brvdo-blue-hidji-signature-jeans.jpg,11384581,men
373,Blue Sacred Jeans,Who Decides War by MRDR BRVDO,1139,https://img.ssensemedia.com/images/222389M186037_1/who-decides-war-by-mrdr-brvdo-blue-sacred-jeans.jpg,11384651,men
374,Gray Logo Patch Classic Jeans,Palm Angels,696,https://img.ssensemedia.com/images/222695M186007_1/palm-angels-gray-logo-patch-classic-jeans.jpg,10604711,men
375,Black Printed Jeans,Labrum,498,https://img.ssensemedia.com/images/222751M186000_1/labrum-black-printed-jeans.jpg,11272601,men
376,Black Fit 1 Jeans,rag & bone,260,https://img.ssensemedia.com/images/231055M186030_1/rag-and-bone-black-fit-1-jeans.jpg,11811461,men
377,Blue Fit 2 Jeans,rag & bone,315,https://img.ssensemedia.com/images/231055M186031_1/rag-and-bone-blue-fit-2-jeans.jpg,11811471,men
378,Blue Fit 2 Jeans,rag & bone,335,https://img.ssensemedia.com/images/231055M186032_1/rag-and-bone-blue-fit-2-jeans.jpg,11811481,men
379,Gray Fit 2 Jeans,rag & bone,335,https://img.ssensemedia.com/images/231055M186034_1/rag-and-bone-gray-fit-2-jeans.jpg,11811501,men
380,Black Fit 2 Jeans,rag & bone,245,https://img.ssensemedia.com/images/231055M186035_1/rag-and-bone-black-fit-2-jeans.jpg,11811511,men
381,Black Fit 2 Jeans,rag & bone,300,https://img.ssensemedia.com/images/231055M186036_1/rag-and-bone-black-fit-2-jeans.jpg,11811521,men
382,Blue Fit 2 Jeans,rag & bone,300,https://img.ssensemedia.com/images/231055M186039_1/rag-and-bone-blue-fit-2-jeans.jpg,11811911,men
383,Off-White Tapered Jeans,The Letters,635,https://img.ssensemedia.com/images/231864M186002_1/the-letters-off-white-tapered-jeans.jpg,12793051,men
384,Khaki Digital Dual Jeans,Our Legacy,451,https://img.ssensemedia.com/images/222803M186009_1/our-legacy-khaki-digital-dual-jeans.jpg,10668791,men
385,Indigo Tapered Jeans,Maison Kitsuné,249,https://img.ssensemedia.com/images/222389M186016_1/maison-kitsune-indigo-tapered-jeans.jpg,10594491,men
386,Blue Nico Jeans,Tiger of Sweden,215,https://img.ssensemedia.com/images/222115M186006_1/tiger-of-sweden-blue-nico-jeans.jpg,10761021,men
387,Blue Chitch Chronicle Jeans,Ksubi,182,https://img.ssensemedia.com/images/222088M186016_1/ksubi-blue-chitch-chronicle-jeans.jpg,9897251,men
388,Black Godet Denim Midi Skirt,Rick Owens Drkshdw,630,https://img.ssensemedia.com/images/222126M191008_1/rick-owens-drkshdw-black-godet-denim-midi-skirt.jpg,10498151,men
389,Black Carpenter Jeans,Helmut Lang,455,https://img.ssensemedia.com/images/231154M191001_1/helmut-lang-black-carpenter-jeans.jpg,11907221,men
390,Indigo Yupik Jeans,HGBB STUDIO,177,https://img.ssensemedia.com/images/222754M186000_1/hgbb-studio-indigo-yupik-jeans.jpg,11248251,men
391,Black Straight Leg Jeans,Enfants Riches Déprimés,770,https://img.ssensemedia.com/images/222889M186000_1/enfants-riches-deprimes-black-straight-leg-jeans.jpg,11158401,men
392,Black Carpenter Jeans,Enfants Riches Déprimés,1161,https://img.ssensemedia.com/images/222889M186001_1/enfants-riches-deprimes-black-carpenter-jeans.jpg,11158411,men
393,Blue Flannel Lined Jeans,Enfants Riches Déprimés,643,https://img.ssensemedia.com/images/222889M186006_1/enfants-riches-deprimes-blue-flannel-lined-jeans.jpg,11158461,men
394,Navy Prince Jeans,Gimaguas,122,https://img.ssensemedia.com/images/222776M186009_1/gimaguas-navy-prince-jeans.jpg,10970981,men
395,Brown Tearaway Trousers,YMC,198,https://img.ssensemedia.com/images/222161M186002_1/ymc-brown-tearaway-trousers.jpg,10828871,men
396,Black Straight-Leg Jeans,Guess Jeans U.S.A.,178,https://img.ssensemedia.com/images/222603M186003_1/guess-usa-black-straight-leg-jeans.jpg,10307411,men
397,Black Chitch Laid Green Jeans,Ksubi,193,https://img.ssensemedia.com/images/222088M186109_1/ksubi-black-chitch-laid-green-jeans.jpg,10465921,men
398,Indigo 'The Cast 2' Jeans,John Elliott,760,https://img.ssensemedia.com/images/231761M186006_1/john-elliott-indigo-the-cast-2-jeans.jpg,11683421,men
399,Black 'The Cast 2' Jeans,John Elliott,755,https://img.ssensemedia.com/images/231761M186007_1/john-elliott-black-the-cast-2-jeans.jpg,11683431,men
400,Blue 'The Cast 2' Jeans,John Elliott,620,https://img.ssensemedia.com/images/231761M186010_1/john-elliott-blue-the-cast-2-jeans.jpg,11683461,men
401,Black John Jeans,DARKPARK,278,https://img.ssensemedia.com/images/222589M186010_1/darkpark-black-john-jeans.jpg,10371241,men
402,Blue Mark Jeans,DARKPARK,296,https://img.ssensemedia.com/images/222589M186014_1/darkpark-blue-mark-jeans.jpg,10371291,men
403,Black Mark Jeans,DARKPARK,337,https://img.ssensemedia.com/images/222589M186015_1/darkpark-black-mark-jeans.jpg,10371301,men
404,Blue Mark Jeans,DARKPARK,530,https://img.ssensemedia.com/images/222589M186016_1/darkpark-blue-mark-jeans.jpg,10371881,men
405,Blue John Jeans,DARKPARK,306,https://img.ssensemedia.com/images/222589M186021_1/darkpark-blue-john-jeans.jpg,10553391,men
406,Indigo 'The Original 333' Jeans,CARSON WACH,261,https://img.ssensemedia.com/images/222379M186008_1/carson-wach-indigo-the-original-333-jeans.jpg,11448491,men
407,Gray 'The Straight' Jeans,FRAME,350,https://img.ssensemedia.com/images/231455M186014_1/frame-gray-the-straight-jeans.jpg,11550821,men
408,Blue Damien Jeans,Harmony,154,https://img.ssensemedia.com/images/222678M186002_1/harmony-blue-damien-jeans.jpg,10840831,men
409,Black Denis Jeans,RtA,490,https://img.ssensemedia.com/images/222702M186014_1/rta-black-denis-jeans.jpg,11043941,men
410,Black Snake Pit Jeans,LU'U DAN,315,https://img.ssensemedia.com/images/222331M186000_1/luu-dan-black-snake-pit-jeans.jpg,10768581,men
411,Blue Wash Pleated Front Jeans,LU'U DAN,356,https://img.ssensemedia.com/images/222331M186008_1/luu-dan-blue-wash-pleated-front-jeans.jpg,12786341,men
412,SSENSE Exclusive Beige Leopard Collage Jeans,LU'U DAN,272,https://img.ssensemedia.com/images/221331M186001_1/luu-dan-ssense-exclusive-beige-leopard-collage-jeans.jpg,9347011,men
413,Black Snake Jeans,LU'U DAN,319,https://img.ssensemedia.com/images/222331M186001_1/luu-dan-black-snake-jeans.jpg,10768591,men
414,Beige Snake Jeans,LU'U DAN,319,https://img.ssensemedia.com/images/222331M186003_1/luu-dan-beige-snake-jeans.jpg,10770101,men
415,Black Snake Phat Jeans,LU'U DAN,336,https://img.ssensemedia.com/images/222331M186004_1/luu-dan-black-snake-phat-jeans.jpg,10770121,men
416,Beige Snake Phat Jeans,LU'U DAN,355,https://img.ssensemedia.com/images/222331M186006_1/luu-dan-beige-snake-phat-jeans.jpg,10770311,men
417,SSENSE Exclusive Red Rose Burst Jeans,LU'U DAN,272,https://img.ssensemedia.com/images/221331M186000_1/luu-dan-ssense-exclusive-red-rose-burst-jeans.jpg,9347001,men
418,SSENSE Exclusive Green Camo Straight-Leg Jeans,LU'U DAN,268,https://img.ssensemedia.com/images/221331M186005_1/luu-dan-ssense-exclusive-green-camo-straight-leg-jeans.jpg,9347531,men
419,SSENSE Exclusive Navy Raw Straight-Leg Jeans,LU'U DAN,129,https://img.ssensemedia.com/images/221331M186004_1/luu-dan-ssense-exclusive-navy-raw-straight-leg-jeans.jpg,9347521,men
420,SSENSE Exclusive Black Pleated Front Jeans,LU'U DAN,336,https://img.ssensemedia.com/images/222331M186007_1/luu-dan-ssense-exclusive-black-pleated-front-jeans.jpg,11431121,men
421,Black Stitched Jeans,Comme des Garçons Homme,600,https://img.ssensemedia.com/images/222057M186001_1/comme-des-garcons-homme-black-stitched-jeans.jpg,10466901,men
422,Blue Moto Jeans,Who Decides War by MRDR BRVDO,1265,https://img.ssensemedia.com/images/222389M186035_1/who-decides-war-by-mrdr-brvdo-blue-moto-jeans.jpg,11384621,men
423,Blue Roadhouse Denim Skirt,Commission,573,https://img.ssensemedia.com/images/222400M186000_1/commission-blue-roadhouse-denim-skirt.jpg,10901381,men
424,Gray Grim Tim Jeans,Nudie Jeans,170,https://img.ssensemedia.com/images/222078M186070_1/nudie-jeans-gray-grim-tim-jeans.jpg,10865431,men
425,Blue Rad Rufus Jeans,Nudie Jeans,173,https://img.ssensemedia.com/images/222078M186081_1/nudie-jeans-blue-rad-rufus-jeans.jpg,10865591,men
426,Blue & Black Combo Jeans,Peter Do,614,https://img.ssensemedia.com/images/222462M186002_1/peter-do-blue-and-black-combo-jeans.jpg,10685711,men
427,Indigo Ironmonger Jeans,Toogood,303,https://img.ssensemedia.com/images/222676M186000_1/toogood-indigo-ironmonger-jeans.jpg,10279391,men
428,Black Nolan Jeans,Carhartt Work In Progress,119,https://img.ssensemedia.com/images/222111M191037_1/carhartt-work-in-progress-black-nolan-jeans.jpg,10187781,men
429,Black Christopher Jeans,DARKPARK,420,https://img.ssensemedia.com/images/222589M186013_1/darkpark-black-christopher-jeans.jpg,10371281,men
430,Blue John Jeans,DARKPARK,424,https://img.ssensemedia.com/images/222589M186017_1/darkpark-blue-john-jeans.jpg,10371891,men
431,Blue Straight Cut Jeans,Séfr,178,https://img.ssensemedia.com/images/222491M186001_1/sandeacutefr-blue-straight-cut-jeans.jpg,10667331,men
432,Blue Distressed Jeans,Golden Goose,498,https://img.ssensemedia.com/images/222264M186004_1/golden-goose-blue-distressed-jeans.jpg,9965361,men
433,Brown Tinted Jeans,Guess Jeans U.S.A.,243,https://img.ssensemedia.com/images/222603M186000_1/guess-usa-brown-tinted-jeans.jpg,10307351,men
434,Red Straight-Leg Jeans,Guess Jeans U.S.A.,188,https://img.ssensemedia.com/images/222603M186004_1/guess-usa-red-straight-leg-jeans.jpg,10312151,men
435,White Painted Jeans,Guess Jeans U.S.A.,252,https://img.ssensemedia.com/images/222603M186005_1/guess-usa-white-painted-jeans.jpg,10312191,men
436,Grey P13 Painted Jeans,Boris Bidjan Saberi,927,https://img.ssensemedia.com/images/222616M186004_1/boris-bidjan-saberi-grey-p13-painted-jeans.jpg,10323821,men
437,Yellow P13 Painted Jeans,Boris Bidjan Saberi,1260,https://img.ssensemedia.com/images/222616M186008_1/boris-bidjan-saberi-yellow-p13-painted-jeans.jpg,10323861,men
438,Black P13 Coated Jeans,Boris Bidjan Saberi,1213,https://img.ssensemedia.com/images/222616M186003_1/boris-bidjan-saberi-black-p13-coated-jeans.jpg,10323811,men
439,Black P14 Taped Jeans,Boris Bidjan Saberi,1208,https://img.ssensemedia.com/images/222616M191003_1/boris-bidjan-saberi-black-p14-taped-jeans.jpg,10323891,men
440,Black P13 Jeans,Boris Bidjan Saberi,1017,https://img.ssensemedia.com/images/222616M186006_1/boris-bidjan-saberi-black-p13-jeans.jpg,10323841,men
441,Black P13 Taped Jeans,Boris Bidjan Saberi,1071,https://img.ssensemedia.com/images/222616M186007_1/boris-bidjan-saberi-black-p13-taped-jeans.jpg,10323851,men
442,Navy & Orange Art Deco Jeans,Lanvin,809,https://img.ssensemedia.com/images/222254M191007_1/lanvin-navy-and-orange-art-deco-jeans.jpg,11125981,men
443,Navy Cowboy Cuff Jeans,Y/Project,448,https://img.ssensemedia.com/images/222893M186017_1/y-project-navy-cowboy-cuff-jeans.jpg,10598481,men
444,Beige Alvan Trousers,GmbH,327,https://img.ssensemedia.com/images/222979M186000_1/gmbh-beige-alvan-trousers.jpg,10585901,men
445,Blue Cyrus Jeans,GmbH,448,https://img.ssensemedia.com/images/222979M186001_1/gmbh-blue-cyrus-jeans.jpg,10586011,men
446,Navy Badge  Skinny-Fit Jeans,Neil Barrett,171,https://img.ssensemedia.com/images/222368M186002_1/neil-barrett-navy-badge-skinny-fit-jeans.jpg,10068551,men
447,Black Ripped Wide-Leg Jeans,Peter Do,790,https://img.ssensemedia.com/images/222462M186001_1/peter-do-black-ripped-wide-leg-jeans.jpg,10682141,men
448,Black Slim Jeans,Peter Do,504,https://img.ssensemedia.com/images/222462M186003_1/peter-do-black-slim-jeans.jpg,10688371,men
449,Blue Ripped Wide-Leg Jeans,Peter Do,780,https://img.ssensemedia.com/images/222462M186000_1/peter-do-blue-ripped-wide-leg-jeans.jpg,10682101,men
450,Black One Wash Jeans,Uniform Experiment,259,https://img.ssensemedia.com/images/222434M186000_1/unifom-experiment-black-one-wash-jeans.jpg,11362971,men
451,Gray #70 Trousers,Jan-Jan Van Essche,720,https://img.ssensemedia.com/images/222969M191006_1/jan-jan-van-essche-gray-70-trousers.jpg,10685231,men
452,Blue Switching Over Denim Jeans,JieDa,304,https://img.ssensemedia.com/images/222819M186001_1/jieda-blue-switching-over-denim-jeans.jpg,10725191,men
453,Blue Panel Denim Jeans,JieDa,244,https://img.ssensemedia.com/images/222819M186003_1/jieda-blue-panel-denim-jeans.jpg,10725241,men
454,Black Savage Utility Jeans,Neighborhood,475,https://img.ssensemedia.com/images/222019M186002_1/neighborhood-black-savage-utility-jeans.jpg,11325691,men
455,Brown Soft Jeans,Edward Cuming,434,https://img.ssensemedia.com/images/222470M186001_1/edward-cuming-brown-soft-jeans.jpg,11286071,men
456,Blue Distressed Jeans,Edward Cuming,418,https://img.ssensemedia.com/images/222470M186002_1/edward-cuming-blue-distressed-jeans.jpg,11286141,men
457,Black Tapered Jeans,Maison Kitsuné,200,https://img.ssensemedia.com/images/222389M186015_1/maison-kitsune-black-tapered-jeans.jpg,10594481,men
458,Gray Regular Jeans,mfpen,245,https://img.ssensemedia.com/images/222505M186003_1/mfpen-gray-regular-jeans.jpg,10487431,men
459,Black Party Jeans,Double Rainbouu,224,https://img.ssensemedia.com/images/222062M186005_1/double-rainbouu-black-party-jeans.jpg,11023081,men
460,Gray Faded Jeans,Advisory Board Crystals,297,https://img.ssensemedia.com/images/222605M186013_1/advisory-board-crystal-gray-faded-jeans.jpg,11025151,men
461,Blue Faded Jeans,Advisory Board Crystals,265,https://img.ssensemedia.com/images/222605M186014_1/advisory-board-crystal-blue-faded-jeans.jpg,11025161,men
462,Blue Crinkle Jeans,Martine Rose,490,https://img.ssensemedia.com/images/222892M186009_1/martine-rose-blue-crinkle-jeans.jpg,10706721,men
463,Off-White Le Papier 'Le de Nîmes Fresa' Jeans,Jacquemus,300,https://img.ssensemedia.com/images/222553M191027_1/jacquemus-off-white-le-papier-le-de-nimes-fresa-jeans.jpg,10648111,men
464,Black Jim Jeans,Rick Owens Drkshdw,730,https://img.ssensemedia.com/images/222126M186034_1/rick-owens-drkshdw-black-jim-jeans.jpg,10498121,men
465,Black Parachute Jeans,Dion Lee,515,https://img.ssensemedia.com/images/222417M191004_1/dion-lee-black-parachute-jeans.jpg,10277431,men
466,Blue Carlisle Jeans,The Row,840,https://img.ssensemedia.com/images/222359M186003_1/the-row-blue-carlisle-jeans.jpg,10733401,men
467,Black Peppe Jeans,Vivienne Westwood,418,https://img.ssensemedia.com/images/222314M186066_1/vivienne-westwood-black-peppe-jeans.jpg,10580981,men
468,Black Tapered Jeans,Vivienne Westwood,349,https://img.ssensemedia.com/images/222314M186068_1/vivienne-westwood-black-tapered-jeans.jpg,10581001,men
469,Blue Classic Tapered Jeans,Vivienne Westwood,436,https://img.ssensemedia.com/images/222314M186070_1/vivienne-westwood-blue-classic-tapered-jeans.jpg,10581021,men
470,Black Bubble Jeans,Chen Peng,189,https://img.ssensemedia.com/images/222851M186001_1/chen-peng-black-bubble-jeans.jpg,11536051,men
471,Black Pantalone Baggy Jeans,424,287,https://img.ssensemedia.com/images/222010M191017_1/424-black-pantalone-baggy-jeans.jpg,10762861,men
472,Black Tapered Jeans,AMOMENTO,144,https://img.ssensemedia.com/images/222436M186001_1/amomento-black-tapered-jeans.jpg,10901241,men
473,Black Cargo Pocket Jeans,EGONlab,476,https://img.ssensemedia.com/images/222830M186011_1/egonlab-black-cargo-pocket-jeans.jpg,10455761,men
474,Navy Velcro Patch Jeans,Fumito Ganryu,293,https://img.ssensemedia.com/images/222180M191000_1/fumito-ganryu-navy-velcro-patch-jeans.jpg,10713021,men
475,Black Velcro Patch Jeans,Fumito Ganryu,339,https://img.ssensemedia.com/images/222180M191001_1/fumito-ganryu-black-velcro-patch-jeans.jpg,10713031,men
476,Black Happy Jeans,Golden Goose,314,https://img.ssensemedia.com/images/222264M186000_1/golden-goose-black-happy-jeans.jpg,9965321,men
477,Blue Paneled Jeans,Liberal Youth Ministry,541,https://img.ssensemedia.com/images/222574M186000_1/liberal-youth-ministry-blue-paneled-jeans.jpg,10425091,men
478,Black 'Black Swans' Jeans,Liberal Youth Ministry,572,https://img.ssensemedia.com/images/222574M186001_1/liberal-youth-ministry-black-black-swans-jeans.jpg,10425101,men
479,Black Big Jeans,mfpen,245,https://img.ssensemedia.com/images/222505M186001_1/mfpen-black-big-jeans.jpg,10487041,men
480,Gray Bigger Jeans,mfpen,247,https://img.ssensemedia.com/images/222505M186002_1/mfpen-gray-bigger-jeans.jpg,10487051,men
481,Blue Regular Jeans,mfpen,211,https://img.ssensemedia.com/images/222505M186004_1/mfpen-blue-regular-jeans.jpg,10487441,men
482,White Baggy Jeans,Neil Barrett,275,https://img.ssensemedia.com/images/222368M186003_1/neil-barrett-white-baggy-jeans.jpg,10068851,men
483,Red Embroidered Jeans,PALMER,390,https://img.ssensemedia.com/images/222338M186000_1/palmer-red-embroidered-jeans.jpg,10714271,men
484,Blue Distressed Jeans,PALMER,375,https://img.ssensemedia.com/images/222338M186001_1/palmer-blue-distressed-jeans.jpg,10714281,men
485,Black Tyrone Jeans,Rick Owens Drkshdw,491,https://img.ssensemedia.com/images/222126M186007_1/rick-owens-drkshdw-black-tyrone-jeans.jpg,10494081,men
486,Black Detroit Jeans,Rick Owens Drkshdw,484,https://img.ssensemedia.com/images/222126M186001_1/rick-owens-drkshdw-black-detroit-jeans.jpg,10494021,men
487,Black Matt Jeans,Andersson Bell,208,https://img.ssensemedia.com/images/222375M186005_1/andersson-bell-black-matt-jeans.jpg,10424841,men
488,Gray Tapered Jeans,Han Kjobenhavn,295,https://img.ssensemedia.com/images/231827M186009_1/han-kjobenhavn-gray-tapered-jeans.jpg,12871441,men
489,White 2010 Straight Jeans,Diesel,1995,https://img.ssensemedia.com/images/222001M186078_1/diesel-white-2010-straight-jeans.jpg,11206711,men
490,Blue 2020 D-Viker Reversible Jeans,Diesel,483,https://img.ssensemedia.com/images/222001M186081_1/diesel-blue-2020-d-viker-reversible-jeans.jpg,11206741,men
491,Black 1995 Jeans,Diesel,227,https://img.ssensemedia.com/images/222001M186074_1/diesel-black-1995-jeans.jpg,11058791,men
492,Indigo D-Viker Jeans,Diesel,212,https://img.ssensemedia.com/images/222001M186075_1/diesel-indigo-d-viker-jeans.jpg,11058801,men
493,Blue 2010 Straight Jeans,Diesel,624,https://img.ssensemedia.com/images/222001M186077_1/diesel-blue-2010-straight-jeans.jpg,11206701,men
494,Red 1995 Straight Jeans,Diesel,557,https://img.ssensemedia.com/images/222001M186080_1/diesel-red-1995-straight-jeans.jpg,11206731,men
495,Blue & Black Paneled Jeans,VTMNTS,1562,https://img.ssensemedia.com/images/222254M186008_1/vtmnts-blue-and-black-paneled-jeans.jpg,11136581,men
496,Black Cut-Up Jeans,VTMNTS,1025,https://img.ssensemedia.com/images/222254M186009_1/vtmnts-black-cut-up-jeans.jpg,11136611,men
497,Blue Boiled Jeans,VTMNTS,765,https://img.ssensemedia.com/images/222254M186010_1/vtmnts-blue-boiled-jeans.jpg,11136761,men
498,Blue Flared Jeans,EGONlab,293,https://img.ssensemedia.com/images/222830M186012_1/egonlab-blue-flared-jeans.jpg,10455771,men
499,Blue Phoenix Jeans,Feng Chen Wang,342,https://img.ssensemedia.com/images/222107M186000_1/feng-chen-wang-blue-phoenix-jeans.jpg,10719491,men
500,Black Double Jeans,Feng Chen Wang,347,https://img.ssensemedia.com/images/222107M186001_1/feng-chen-wang-black-double-jeans.jpg,10719551,men
501,Blue Velcro jeans,Juun.J,217,https://img.ssensemedia.com/images/222343M186009_1/juunj-blue-velcro-jeans.jpg,10670661,men
502,Green Moon Jeans,Marine Serre,1018,https://img.ssensemedia.com/images/222020M186000_1/marine-serre-green-moon-jeans.jpg,10754731,men
503,Blue Classic Fit Distressed Selvedge Jeans,Polo Ralph Lauren,246,https://img.ssensemedia.com/images/222213M186008_1/polo-ralph-lauren-blue-classic-fit-distressed-selvedge-jeans.jpg,10828471,men
504,Blue Double Knee Jeans,Stüssy,165,https://img.ssensemedia.com/images/222353M186000_1/stussy-blue-double-knee-jeans.jpg,10247941,men
505,Blue Jane Birkin Edition Jean Lou F Jeans,A.P.C.,315,https://img.ssensemedia.com/images/222252M186043_1/apc-blue-jane-birkin-edition-jean-lou-f-jeans.jpg,10444761,men
506,Black Martin Jeans,A.P.C.,221,https://img.ssensemedia.com/images/222252M186006_1/apc-black-martin-jeans.jpg,9846421,men
507,Gray Distressed Jeans,FRAME,390,https://img.ssensemedia.com/images/231455M186016_1/frame-gray-distressed-jeans.jpg,11550871,men
508,Blue Dorianna Jeans,Molly Goddard,527,https://img.ssensemedia.com/images/222943M186000_1/molly-goddard-blue-dorianna-jeans.jpg,10991241,men
509,Navy Longton Jeans,Belstaff,140,https://img.ssensemedia.com/images/222084M186008_1/belstaff-navy-longton-jeans.jpg,10052441,men
510,Grey Jeans 5 Jeans,BLK DNM,165,https://img.ssensemedia.com/images/222350M186009_1/blk-dnm-grey-jeans-5-jeans.jpg,10842471,men
511,Black Printed Jeans,Yohji Yamamoto,744,https://img.ssensemedia.com/images/222573M186000_1/yohji-yamamoto-black-printed-jeans.jpg,10682501,men
512,Gray 1996 Jeans,Acne Studios,495,https://img.ssensemedia.com/images/222129M186044_1/acne-studios-gray-1996-jeans.jpg,10390801,men
513,Black Bolan Bootcut Jeans,Rick Owens Drkshdw,611,https://img.ssensemedia.com/images/222126M186014_1/rick-owens-drkshdw-black-bolan-bootcut-jeans.jpg,10494151,men
514,Black Performa Jeans,Rick Owens Drkshdw,543,https://img.ssensemedia.com/images/222126M186024_1/rick-owens-drkshdw-black-performa-jeans.jpg,10494251,men
515,Blue Alex Jeans,AMI Alexandre Mattiussi,248,https://img.ssensemedia.com/images/222482M186008_1/ami-alexandre-mattiussi-blue-alex-jeans.jpg,10627041,men
516,Black Fluic Jeans,ADER error,299,https://img.ssensemedia.com/images/222039M191012_1/ader-error-black-fluic-jeans.jpg,10321771,men
517,Red Fluic Jeans,ADER error,253,https://img.ssensemedia.com/images/222039M191013_1/ader-error-red-fluic-jeans.jpg,10321781,men
518,Blue Petri Jeans,ADER error,431,https://img.ssensemedia.com/images/222039M186002_1/ader-error-blue-petri-jeans.jpg,10321541,men
519,Indigo Fairfax Jeans,A.P.C.,218,https://img.ssensemedia.com/images/222252M186008_1/apc-indigo-fairfax-jeans.jpg,10434931,men
520,Indigo Marian Jeans,A.P.C.,208,https://img.ssensemedia.com/images/222252M186010_1/apc-indigo-marian-jeans.jpg,10434951,men
521,Indigo Martin Jeans,A.P.C.,251,https://img.ssensemedia.com/images/222252M186012_1/apc-indigo-martin-jeans.jpg,10434971,men
522,Indigo Martin Jeans,A.P.C.,248,https://img.ssensemedia.com/images/222252M186014_1/apc-indigo-martin-jeans.jpg,10434991,men
523,Indigo Standard Jeans,A.P.C.,234,https://img.ssensemedia.com/images/222252M186017_1/apc-indigo-standard-jeans.jpg,10435021,men
524,Indigo Petit New Standard Jeans,A.P.C.,208,https://img.ssensemedia.com/images/222252M186019_1/apc-indigo-petit-new-standard-jeans.jpg,10435041,men
525,Black Gades Trousers,ARTURO OBEGERO,979,https://img.ssensemedia.com/images/222990M186013_1/arturo-obegero-black-gades-trousers.jpg,10574861,men
526,Black Afanador Trousers,ARTURO OBEGERO,572,https://img.ssensemedia.com/images/222990M191003_1/arturo-obegero-black-afanador-trousers.jpg,10574831,men
527,White Plat A Dessert Straight-Leg Jeans,Casablanca,639,https://img.ssensemedia.com/images/222195M186001_1/casablanca-white-plat-a-dessert-straight-leg-jeans.jpg,10549281,men
528,Blue Lata Jeans,GmbH,429,https://img.ssensemedia.com/images/221979M191001_1/gmbh-blue-lata-jeans.jpg,8930051,men
529,Blue Remake Jeans,Kuro,542,https://img.ssensemedia.com/images/222218M186000_1/kuro-blue-remake-jeans.jpg,10891421,men
530,Blue Avenir Jeans,Kuro,215,https://img.ssensemedia.com/images/222218M186004_1/kuro-blue-avenir-jeans.jpg,10891611,men
531,Blue Avenir Jeans,Kuro,252,https://img.ssensemedia.com/images/222218M186005_1/kuro-blue-avenir-jeans.jpg,10891621,men
532,Blue Avenir Jeans,Kuro,327,https://img.ssensemedia.com/images/222218M186007_1/kuro-blue-avenir-jeans.jpg,10919051,men
533,Blue Thistle Jeans,Maryam Nassir Zadeh,656,https://img.ssensemedia.com/images/222779M186000_1/maryam-nassir-zadeh-blue-thistle-jeans.jpg,11023831,men
534,Black Contrast Stitching Jeans,SUNNEI,384,https://img.ssensemedia.com/images/222736M191005_1/sunnei-black-contrast-stitching-jeans.jpg,11062351,men
535,Gray Overdye Jeans,A-COLD-WALL*,223,https://img.ssensemedia.com/images/222891M186001_1/a-cold-wall-gray-overdye-jeans.jpg,9970381,men
536,Black & Red Paneled Jeans,A-COLD-WALL*,247,https://img.ssensemedia.com/images/222891M186003_1/a-cold-wall-black-and-red-paneled-jeans.jpg,10405141,men
537,Black Geth Jeans,Rick Owens,725,https://img.ssensemedia.com/images/222232M186004_1/rick-owens-black-geth-jeans.jpg,10415391,men
538,Gray Slim-Fit Jeans,Acne Studios,460,https://img.ssensemedia.com/images/222129M186061_1/acne-studios-gray-slim-fit-jeans.jpg,10390971,men
539,Black Ronald Jeans,Ann Demeulemeester,665,https://img.ssensemedia.com/images/222378M186003_1/ann-demeulemeester-black-ronald-jeans.jpg,11118601,men
540,Black Ronald Jeans,Ann Demeulemeester,930,https://img.ssensemedia.com/images/222378M186004_1/ann-demeulemeester-black-ronald-jeans.jpg,11118611,men
541,Black Wout Jeans,Ann Demeulemeester,615,https://img.ssensemedia.com/images/222378M186005_1/ann-demeulemeester-black-wout-jeans.jpg,11118621,men
542,Black Wout Jeans,Ann Demeulemeester,820,https://img.ssensemedia.com/images/222378M186006_1/ann-demeulemeester-black-wout-jeans.jpg,11118631,men
543,Black Gill Jeans,Ann Demeulemeester,630,https://img.ssensemedia.com/images/222378M186007_1/ann-demeulemeester-black-gill-jeans.jpg,11118641,men
544,Black Prism Jeans,Julius,612,https://img.ssensemedia.com/images/222420M186002_1/julius-black-prism-jeans.jpg,10879601,men
545,SSENSE Exclusive Blue Block Paneled Jeans,DRAE,255,https://img.ssensemedia.com/images/222520M186002_1/drae-ssense-exclusive-blue-block-paneled-jeans.jpg,11777621,men
546,Indigo High Standard Jeans,A.P.C.,202,https://img.ssensemedia.com/images/222252M186024_1/apc-indigo-high-standard-jeans.jpg,10443241,men
547,Blue Pleated Jeans,Hed Mayner,513,https://img.ssensemedia.com/images/222897M186000_1/hed-mayner-blue-pleated-jeans.jpg,10715931,men
548,Black Pleated Jeans,Hed Mayner,546,https://img.ssensemedia.com/images/222897M186001_1/hed-mayner-black-pleated-jeans.jpg,10715941,men
549,Blue Pocket Jeans,Hed Mayner,806,https://img.ssensemedia.com/images/222897M186002_1/hed-mayner-blue-pocket-jeans.jpg,10715951,men
550,Black Judo Jeans,Hed Mayner,543,https://img.ssensemedia.com/images/222897M186003_1/hed-mayner-black-judo-jeans.jpg,10715961,men
551,Navy Straight-Leg Jeans,Nanamica,248,https://img.ssensemedia.com/images/222467M186001_1/nanamica-navy-straight-leg-jeans.jpg,10295561,men
552,Black V-Emblem Jeans,Versace Jeans Couture,224,https://img.ssensemedia.com/images/222202M186005_1/versace-jeans-couture-black-v-emblem-jeans.jpg,10075481,men
553,Black Avenir Jeans,Kuro,205,https://img.ssensemedia.com/images/222218M186006_1/kuro-black-avenir-jeans.jpg,10891631,men
554,Black Chtitch Copy Paste Jeans,Ksubi,221,https://img.ssensemedia.com/images/222088M186070_1/ksubi-black-chtitch-copy-paste-jeans.jpg,10459051,men
555,Black Van Winkle Lion Jeans,Ksubi,170,https://img.ssensemedia.com/images/222088M186082_1/ksubi-black-van-winkle-lion-jeans.jpg,10459391,men
556,Black Van Winkle Kult Wax Jeans,Ksubi,214,https://img.ssensemedia.com/images/222088M186118_1/ksubi-black-van-winkle-kult-wax-jeans.jpg,10467381,men
557,Blue Chitch Stick N Poke Jeans,Ksubi,184,https://img.ssensemedia.com/images/222088M186120_1/ksubi-blue-chitch-stick-n-poke-jeans.jpg,10467421,men
558,Blue Chtitch Lion Jeans,Ksubi,167,https://img.ssensemedia.com/images/222088M186124_1/ksubi-blue-chtitch-lion-jeans.jpg,10467521,men
559,Red Loose Fit Jeans,Acne Studios,392,https://img.ssensemedia.com/images/222129M186040_1/acne-studios-red-loose-fit-jeans.jpg,10390761,men
560,Blue Working Jeans,NotSoNormal,366,https://img.ssensemedia.com/images/222438M180008_1/notsonormal-blue-working-jeans.jpg,11091301,men
561,Purple Working Jeans,NotSoNormal,336,https://img.ssensemedia.com/images/222438M180009_1/notsonormal-purple-working-jeans.jpg,11091311,men
562,Orange High Jeans,NotSoNormal,273,https://img.ssensemedia.com/images/222438M186002_1/notsonormal-orange-high-jeans.jpg,11091391,men
563,Black Straight Jeans,Agnona,835,https://img.ssensemedia.com/images/222823M186001_1/agnona-black-straight-jeans.jpg,10279051,men
564,Green Zanyan Jeans,Namacheko,347,https://img.ssensemedia.com/images/222046M186003_1/namacheko-green-zanyan-jeans.jpg,10995911,men
565,Navy Tibira Jeans,Namacheko,346,https://img.ssensemedia.com/images/222046M186000_1/namacheko-navy-tibira-jeans.jpg,10995881,men
566,Blue Tibira Jeans,Namacheko,319,https://img.ssensemedia.com/images/222046M186001_1/namacheko-blue-tibira-jeans.jpg,10995891,men
567,Black Zanyan Jeans,Namacheko,287,https://img.ssensemedia.com/images/222046M186002_1/namacheko-black-zanyan-jeans.jpg,10995901,men
568,Black Slash Jeans,Our Legacy,423,https://img.ssensemedia.com/images/222803M186008_1/our-legacy-black-slash-jeans.jpg,10668781,men
569,Black Dean Jeans,Won Hundred,117,https://img.ssensemedia.com/images/222636M186019_1/won-hundred-black-dean-jeans.jpg,10718081,men
570,Blue Levi's Edition Bootcut Patchwork Jeans,Junya Watanabe,697,https://img.ssensemedia.com/images/222253M186006_1/junya-watanabe-blue-levis-edition-bootcut-patchwork-jeans.jpg,10485631,men
571,Blue Levi's Edition Work Jeans,Junya Watanabe,648,https://img.ssensemedia.com/images/222253M186010_1/junya-watanabe-blue-levis-edition-work-jeans.jpg,10509821,men
572,Blue Straight-Leg Jeans,Dries Van Noten,650,https://img.ssensemedia.com/images/222358M186007_1/dries-van-noten-blue-straight-leg-jeans.jpg,10417181,men
573,Blue 'Inside Out' Jeans,VETEMENTS,1374,https://img.ssensemedia.com/images/222669M186002_1/vetements-blue-inside-out-jeans.jpg,10017341,men
574,Brown Hard Twist Jeans,AURALEE,236,https://img.ssensemedia.com/images/222484M186000_1/auralee-brown-hard-twist-jeans.jpg,10926721,men
575,Indigo Hard Twist Jeans,AURALEE,284,https://img.ssensemedia.com/images/222484M186001_1/auralee-indigo-hard-twist-jeans.jpg,10926731,men
576,Brown Hard Twist Wide Jeans,AURALEE,308,https://img.ssensemedia.com/images/222484M186003_1/auralee-brown-hard-twist-wide-jeans.jpg,10926751,men
577,Off-White Belted Jeans,Acne Studios,386,https://img.ssensemedia.com/images/222129M186038_1/acne-studios-off-white-belted-jeans.jpg,10390741,men
578,Gray Belted Jeans,Acne Studios,540,https://img.ssensemedia.com/images/222129M186039_1/acne-studios-gray-belted-jeans.jpg,10390751,men
579,Green High Jeans,NotSoNormal,273,https://img.ssensemedia.com/images/222438M186000_1/notsonormal-green-high-jeans.jpg,11091361,men
580,Blue Distressed Jeans,424,297,https://img.ssensemedia.com/images/222010M191014_1/424-blue-distressed-jeans.jpg,10762831,men
581,Indigo Destroyed Jeans,424,627,https://img.ssensemedia.com/images/222010M191016_1/424-indigo-destroyed-jeans.jpg,10762851,men
582,Black Denis Jeans,RtA,505,https://img.ssensemedia.com/images/222702M186015_1/rta-black-denis-jeans.jpg,11043961,men
583,Blue 1995 Jeans,Diesel,270,https://img.ssensemedia.com/images/222001M186047_1/diesel-blue-1995-jeans.jpg,10097041,men
584,SSENSE Exclusive Indigo Graphic Jeans,SC103,403,https://img.ssensemedia.com/images/222490M186000_1/sc103-ssense-exclusive-indigo-graphic-jeans.jpg,11326131,men
585,Green Telford Jeans,Maximilian Davis,462,https://img.ssensemedia.com/images/222742M186000_1/maximilian-green-telford-jeans.jpg,11020821,men
586,Indigo Straight Cut Jeans,Séfr,156,https://img.ssensemedia.com/images/222491M186003_1/sandeacutefr-indigo-straight-cut-jeans.jpg,10667351,men
587,Yellow Tearaway Jeans,YMC,205,https://img.ssensemedia.com/images/222161M186005_1/ymc-yellow-tearaway-jeans.jpg,10844301,men
588,Beige & White Santino Lilly Jeans,Aries,332,https://img.ssensemedia.com/images/222136M186001_1/aries-beige-and-white-santino-lilly-jeans.jpg,10842741,men
589,Black Injured Jeans,ADER error,311,https://img.ssensemedia.com/images/222039M186004_1/ader-error-black-injured-jeans.jpg,10321561,men
590,Blue & Gray Kurd Jeans,ADER error,396,https://img.ssensemedia.com/images/222039M186006_1/ader-error-blue-and-gray-kurd-jeans.jpg,10321581,men
591,Black Frayed Jeans,Yuki Hashimoto,459,https://img.ssensemedia.com/images/222987M186000_1/yuki-hashimoto-black-frayed-jeans.jpg,10902131,men
592,Blue Frayed Jeans,Yuki Hashimoto,366,https://img.ssensemedia.com/images/222987M186001_1/yuki-hashimoto-blue-frayed-jeans.jpg,10902141,men
593,Blue Kenzo Paris Botan Loose Fit Jeans,Kenzo,572,https://img.ssensemedia.com/images/222387M186000_1/kenzo-blue-kenzo-paris-botan-loose-fit-jeans.jpg,10575251,men
594,Blue Kero Jeans,Tiger of Sweden,176,https://img.ssensemedia.com/images/222115M186011_1/tiger-of-sweden-blue-kero-jeans.jpg,10761071,men
595,Black Death Metal Lilly Jeans,Aries,320,https://img.ssensemedia.com/images/222136M186000_1/aries-black-death-metal-lilly-jeans.jpg,10842721,men
596,Blue Faded Jeans,Dries Van Noten,710,https://img.ssensemedia.com/images/222358M186003_1/dries-van-noten-blue-faded-jeans.jpg,10417141,men
597,Indigo Stacked Jeans,AMIRI,975,https://img.ssensemedia.com/images/222886M186066_1/amiri-indigo-stacked-jeans.jpg,10818811,men
598,Indigo Paint Splatter Jeans,AMIRI,990,https://img.ssensemedia.com/images/222886M186069_1/amiri-indigo-paint-splatter-jeans.jpg,10818841,men
599,Indigo Wes Lang Reaper Jeans,AMIRI,1880,https://img.ssensemedia.com/images/222886M186075_1/amiri-indigo-wes-lang-reaper-jeans.jpg,10818941,men
