,Name,Brand,Price,Image,ProductID,Gender
0,Black Filkin Shorts,Studio Nicholson,395,https://img.ssensemedia.com/images/231608F088002_1/studio-nicholson-black-filkin-shorts.jpg,12031391,women
1,Beige Jumbo GG Shorts,Gucci,1700,https://img.ssensemedia.com/images/222451F088010_1/gucci-beige-jumbo-gg-shorts.jpg,11088571,women
2,Pink California GG Shorts,Gucci,1800,https://img.ssensemedia.com/images/222451F088007_1/gucci-pink-california-gg-shorts.jpg,11088051,women
3,Blue GG Denim Shorts,Gucci,1300,https://img.ssensemedia.com/images/222451F088008_1/gucci-blue-gg-denim-shorts.jpg,11088081,women
4,Brown Frankie Shorts,Miaou,155,https://img.ssensemedia.com/images/231224F088000_1/miaou-brown-frankie-shorts.jpg,12579591,women
5,Pink & Off-White Mussel Flower Hot Shorts,AREA,970,https://img.ssensemedia.com/images/231372F088002_1/area-pink-and-off-white-mussel-flower-hot-shorts.jpg,11856971,women
6,SSENSE Exclusive Beige Mail Shorts,Wales Bonner,530,https://img.ssensemedia.com/images/222752F088000_1/wales-bonner-ssense-exclusive-beige-mail-shorts.jpg,11785011,women
7,Gray Drawstring Shorts,GANNI,130,https://img.ssensemedia.com/images/231144F088004_1/ganni-gray-drawstring-shorts.jpg,11705521,women
8,White Plaque Denim Shorts,Balmain,810,https://img.ssensemedia.com/images/231251F088014_1/balmain-white-plaque-denim-shorts.jpg,11927311,women
9,Black Embroidered Shorts,Givenchy,635,https://img.ssensemedia.com/images/231278F088000_1/givenchy-black-embroidered-shorts.jpg,11866671,women
10,Black Monogram Shorts,Balmain,865,https://img.ssensemedia.com/images/231251F088015_1/balmain-black-monogram-shorts.jpg,11927321,women
11,Black Hook-Eye Shorts,Yuzefi,390,https://img.ssensemedia.com/images/231899F088001_1/yuzefi-black-hook-eye-shorts.jpg,12583211,women
12,Multicolor Booty Shorts,Miaou,145,https://img.ssensemedia.com/images/231224F088001_1/miaou-multicolor-booty-shorts.jpg,12580471,women
13,Pink Frankie Shorts,Miaou,135,https://img.ssensemedia.com/images/231224F088002_1/miaou-pink-frankie-shorts.jpg,12580481,women
14,Multicolor Afra Shorts,SIEDRÉS,200,https://img.ssensemedia.com/images/231976F088000_1/siedres-multicolor-afra-shorts.jpg,12426691,women
15,Blue Slouch Shorts,Silk Laundry,365,https://img.ssensemedia.com/images/231223F088000_1/silk-laundry-blue-slouch-shorts.jpg,12899751,women
16,Black Shredded Slouch Shorts,R13,510,https://img.ssensemedia.com/images/231021F088000_1/r13-black-shredded-slouch-shorts.jpg,12570891,women
17,Blue Ole Shorts,Baserange,178,https://img.ssensemedia.com/images/222922F088003_1/baserange-blue-ole-shorts.jpg,11202681,women
18,Black Kali Daze Denim Shorts,Ksubi,245,https://img.ssensemedia.com/images/231088F088003_1/ksubi-black-kali-daze-denim-shorts.jpg,11530751,women
19,Pink 'Rise N Hi' Denim Shorts,Ksubi,240,https://img.ssensemedia.com/images/231088F088004_1/ksubi-pink-rise-n-hi-denim-shorts.jpg,11530761,women
20,Black Julie Shorts,Kika Vargas,520,https://img.ssensemedia.com/images/231593F088001_1/kika-vargas-black-julie-shorts.jpg,12555591,women
21,Black 3B Sports Icon Shorts,Balenciaga,750,https://img.ssensemedia.com/images/222342F088000_1/balenciaga-black-3b-sports-icon-shorts.jpg,9862151,women
22,Blue Crinkle Denim Shorts,Stella McCartney,795,https://img.ssensemedia.com/images/231471F088000_1/stella-mccartney-blue-crinkle-denim-shorts.jpg,11800601,women
23,White 'Sheep Can Never Sleep' Shorts,Stella McCartney,840,https://img.ssensemedia.com/images/231471F088001_1/stella-mccartney-white-sheep-can-never-sleep-shorts.jpg,12558521,women
24,Blue Shorty High-Rise Denim Shorts,Alexander Wang,395,https://img.ssensemedia.com/images/231187F069005_1/alexander-wang-blue-shorty-high-rise-denim-shorts.jpg,11851641,women
25,Black Pleated Shorts,Alexander Wang,710,https://img.ssensemedia.com/images/231187F088007_1/alexander-wang-black-pleated-shorts.jpg,11847991,women
26,White Pleated Shorts,Alexander Wang,710,https://img.ssensemedia.com/images/231187F088008_1/alexander-wang-white-pleated-shorts.jpg,11848001,women
27,Blue Low-Rise Bikini Layer Denim Shorts,Alexander Wang,550,https://img.ssensemedia.com/images/231187F088010_1/alexander-wang-blue-low-rise-bikini-layer-denim-shorts.jpg,11851661,women
28,Blue Paisley Shorts,alexanderwang.t,395,https://img.ssensemedia.com/images/231214F088000_1/alexanderwangt-blue-paisley-shorts.jpg,11852751,women
29,Taupe Brooklyn Shorts,COTTON CITIZEN,225,https://img.ssensemedia.com/images/231750F088001_1/cotton-citizen-taupe-brooklyn-shorts.jpg,12778841,women
30,Brown Brooklyn Shorts,COTTON CITIZEN,225,https://img.ssensemedia.com/images/231750F088002_1/cotton-citizen-brown-brooklyn-shorts.jpg,12778851,women
31,Beige Brooklyn Shorts,COTTON CITIZEN,225,https://img.ssensemedia.com/images/231750F088003_1/cotton-citizen-beige-brooklyn-shorts.jpg,12778861,women
32,White Brooklyn Shorts,COTTON CITIZEN,225,https://img.ssensemedia.com/images/231750F088004_1/cotton-citizen-white-brooklyn-shorts.jpg,12778871,women
33,Taupe Cashmere Shorts,Frenckenberger,555,https://img.ssensemedia.com/images/231283F088006_1/frenckenberger-taupe-cashmere-shorts.jpg,12333451,women
34,Brown Amato Shorts,Max Mara,570,https://img.ssensemedia.com/images/231118F088000_1/max-mara-brown-amato-shorts.jpg,11870841,women
35,Black Monogram Shorts,Totême,505,https://img.ssensemedia.com/images/231771F088000_1/totme-black-monogram-shorts.jpg,11560031,women
36,Brown Cracked Leather Shorts,Guess Jeans U.S.A.,449,https://img.ssensemedia.com/images/222603F088000_1/guess-usa-brown-cracked-leather-shorts.jpg,10308881,women
37,Black Distressed Denim Shorts,Maison Margiela,482,https://img.ssensemedia.com/images/222168F088001_1/maison-margiela-black-distressed-denim-shorts.jpg,11282791,women
38,Black Amato Shorts,Max Mara,570,https://img.ssensemedia.com/images/231118F088001_1/max-mara-black-amato-shorts.jpg,11870851,women
39,Blue Boxer Shorts,TOM FORD,260,https://img.ssensemedia.com/images/231076F088011_1/tom-ford-blue-boxer-shorts.jpg,12047031,women
40,Black Quilted Hearts Shorts,Anna Sui,385,https://img.ssensemedia.com/images/231894F088002_1/anna-sui-black-quilted-hearts-shorts.jpg,11973451,women
41,Black Boxers Shorts,Frenckenberger,555,https://img.ssensemedia.com/images/231283F088005_1/frenckenberger-black-boxers-shorts.jpg,12333441,women
42,Blue Rise N Hi Haven Denim Shorts,Ksubi,240,https://img.ssensemedia.com/images/231088F088007_1/ksubi-blue-rise-n-hi-haven-denim-shorts.jpg,11530791,women
43,White Boxer Shorts,TOM FORD,260,https://img.ssensemedia.com/images/231076F088006_1/tom-ford-white-boxer-shorts.jpg,12046981,women
44,Pink Boxer Shorts,TOM FORD,260,https://img.ssensemedia.com/images/231076F088007_1/tom-ford-pink-boxer-shorts.jpg,12046991,women
45,Pink Concealed Zip Shorts,Valentino,1425,https://img.ssensemedia.com/images/222476F088005_1/valentino-pink-concealed-zip-shorts.jpg,11213921,women
46,Beige Boxer Shorts,Alexander Wang,820,https://img.ssensemedia.com/images/231187F088003_1/alexander-wang-beige-boxer-shorts.jpg,11844871,women
47,Black Boxer Shorts,Alexander Wang,855,https://img.ssensemedia.com/images/231187F088006_1/alexander-wang-black-boxer-shorts.jpg,11847981,women
48,Gray Bite Denim Shorts,Alexander Wang,300,https://img.ssensemedia.com/images/231187F088013_1/alexander-wang-gray-bite-denim-shorts.jpg,11851771,women
49,Off-White Monogram Shorts,Totême,505,https://img.ssensemedia.com/images/231771F088001_1/totme-off-white-monogram-shorts.jpg,11560041,women
50,Blue Rise N High Shorts,Ksubi,275,https://img.ssensemedia.com/images/231088F088006_1/ksubi-blue-rise-n-high-shorts.jpg,11530781,women
51,SSENSE Exclusive Black Shorts,Fax Copy Express,350,https://img.ssensemedia.com/images/222866F088002_1/faxcopyexpress-ssense-exclusive-black-shorts.jpg,11498901,women
52,Beige Jewel Shorts,La Perla,416,https://img.ssensemedia.com/images/222390F088000_1/la-perla-beige-jewel-shorts.jpg,9688901,women
53,Black Teddy Shorts,Moschino,204,https://img.ssensemedia.com/images/222720F088002_1/moschino-black-teddy-shorts.jpg,11030891,women
54,Black Mugler Edition Shaping Shorts,Wolford,485,https://img.ssensemedia.com/images/231017F088000_1/wolford-black-mugler-edition-shaping-shorts.jpg,11858821,women
55,Black Basic Shorts,We11done,347,https://img.ssensemedia.com/images/222327F088000_1/we11done-black-basic-shorts.jpg,11494281,women
56,Blue Liam Shorts,ANINE BING,155,https://img.ssensemedia.com/images/231092F072000_1/anine-bing-blue-liam-shorts.jpg,11784851,women
57,Green 'Country Club' Shorts,Sporty & Rich,98,https://img.ssensemedia.com/images/222446F088021_1/sporty-and-rich-green-country-club-shorts.jpg,10385921,women
58,Blue Corporate Denim Shorts,Off-White,655,https://img.ssensemedia.com/images/231607F088002_1/off-white-blue-corporate-denim-shorts.jpg,11620401,women
59,Gray Corporate Denim Shorts,Off-White,620,https://img.ssensemedia.com/images/231607F088003_1/off-white-gray-corporate-denim-shorts.jpg,11620411,women
60,SSENSE Exclusive Purple & Pink Shorts,ANDREJ GRONAU,293,https://img.ssensemedia.com/images/222112F088000_1/andrej-gronau-ssense-exclusive-purple-and-pink-shorts.jpg,11187631,women
61,Navy Imona Shorts,Cecilie Bahnsen,700,https://img.ssensemedia.com/images/231002F088000_1/cecilie-bahnsen-navy-imona-shorts.jpg,11111051,women
62,Blue Helon Denim Shorts,KIMHĒKIM,275,https://img.ssensemedia.com/images/222609F088000_1/kimhekim-blue-helon-denim-shorts.jpg,11306031,women
63,Black Comfort Denim Shorts,TOM FORD,900,https://img.ssensemedia.com/images/231076F088000_1/tom-ford-black-comfort-denim-shorts.jpg,12045851,women
64,Navy Serif Shorts,Sporty & Rich,101,https://img.ssensemedia.com/images/222446F110021_1/sporty-and-rich-navy-serif-shorts.jpg,10385451,women
65,Blue Bite Denim Shorts,Alexander Wang,415,https://img.ssensemedia.com/images/231187F088015_1/alexander-wang-blue-bite-denim-shorts.jpg,11851791,women
66,Purple Equipment Shorts,Butter Goods,85,https://img.ssensemedia.com/images/231888F088003_1/butter-goods-purple-equipment-shorts.jpg,12683171,women
67,Black Sketch Shorts,Versace Jeans Couture,220,https://img.ssensemedia.com/images/231202F088009_1/versace-jeans-couture-black-sketch-shorts.jpg,11725971,women
68,White Printed Shorts,Versace Jeans Couture,220,https://img.ssensemedia.com/images/231202F088012_1/versace-jeans-couture-white-printed-shorts.jpg,11726381,women
69,Pink Sketch Shorts,Versace Jeans Couture,210,https://img.ssensemedia.com/images/231202F088017_1/versace-jeans-couture-pink-sketch-shorts.jpg,11807651,women
70,Green Camouflage Shorts,ERL,329,https://img.ssensemedia.com/images/222260F088003_1/erl-green-camouflage-shorts.jpg,11120111,women
71,Blue Star Shorts,ERL,374,https://img.ssensemedia.com/images/222260F088001_1/erl-blue-star-shorts.jpg,11120091,women
72,Blue 50s Cutoff Denim Shorts,Re/Done,295,https://img.ssensemedia.com/images/231800F088002_1/re-done-blue-50s-cutoff-denim-shorts.jpg,12073531,women
73,Green 'Athletic Club' Shorts,Sporty & Rich,90,https://img.ssensemedia.com/images/222446F088023_1/sporty-and-rich-green-athletic-club-shorts.jpg,10386051,women
74,Black Raw Edge Shorts,Miu Miu,1720,https://img.ssensemedia.com/images/231838F088003_1/miu-miu-black-raw-edge-shorts.jpg,12114261,women
75,Blue Spinner Denim Shorts,Butter Goods,110,https://img.ssensemedia.com/images/231888F088005_1/butter-goods-blue-spinner-denim-shorts.jpg,12711141,women
76,Black Spinner Denim Shorts,Butter Goods,110,https://img.ssensemedia.com/images/231888F088006_1/butter-goods-black-spinner-denim-shorts.jpg,12712851,women
77,SSENSE Exclusive Yellow Eo Shorts,Baserange,145,https://img.ssensemedia.com/images/222922F088004_1/baserange-ssense-exclusive-yellow-eo-shorts.jpg,11203251,women
78,Black Clemence Tailored Shorts,SIR.,465,https://img.ssensemedia.com/images/231746F086001_1/sir-black-clemence-tailored-shorts.jpg,11674241,women
79,White Clemence Tailored Shorts,SIR.,385,https://img.ssensemedia.com/images/231746F088000_1/sir-white-clemence-tailored-shorts.jpg,11664501,women
80,Gray Strobe Shorts,Rick Owens,763,https://img.ssensemedia.com/images/222232F088018_1/rick-owens-gray-strobe-shorts.jpg,11103611,women
81,Black Monogram Shorts,Han Kjobenhavn,150,https://img.ssensemedia.com/images/231827F085002_1/han-kjobenhavn-black-monogram-shorts.jpg,12686411,women
82,Yellow & Brown Teddy Shorts,Rose Murdoch,250,https://img.ssensemedia.com/images/231581F088003_1/rose-murdoch-yellow-and-brown-teddy-shorts.jpg,12493071,women
83,Off-White & Black Royal Moon Carreaux Shorts,Marine Serre,368,https://img.ssensemedia.com/images/222020F088003_1/marine-serre-off-white-and-black-royal-moon-carreaux-shorts.jpg,10803531,women
84,Pink Ruban Shorts,Abra,382,https://img.ssensemedia.com/images/222526F088000_1/abra-pink-ruban-shorts.jpg,12110471,women
85,Black Ruban Cargo Shorts,Abra,424,https://img.ssensemedia.com/images/222526F088001_1/abra-black-ruban-cargo-shorts.jpg,12110481,women
86,Black Bite Shorts,Alexander Wang,415,https://img.ssensemedia.com/images/231187F088014_1/alexander-wang-black-bite-shorts.jpg,11851781,women
87,Blue Bite Shorts,Alexander Wang,415,https://img.ssensemedia.com/images/231187F088012_1/alexander-wang-blue-bite-shorts.jpg,11851761,women
88,SSENSE Exclusive Pink Betsey Shorts,Poster Girl,192,https://img.ssensemedia.com/images/221770F088007_1/poster-girl-ssense-exclusive-pink-betsey-shorts.jpg,9972071,women
89,Gray Drawstring Shorts,Essentials,95,https://img.ssensemedia.com/images/222161F088041_1/essentials-gray-drawstring-shorts.jpg,10233381,women
90,Black Drawstring Shorts,Essentials,95,https://img.ssensemedia.com/images/222161F088039_1/essentials-black-drawstring-shorts.jpg,10233361,women
91,Off-White Drawstring Shorts,Essentials,95,https://img.ssensemedia.com/images/222161F088040_1/essentials-off-white-drawstring-shorts.jpg,10233371,women
92,Black Floral Shorts,Anna Sui,435,https://img.ssensemedia.com/images/231894F088000_1/anna-sui-black-floral-shorts.jpg,11967531,women
93,Blue 'Wellness' Shorts,Sporty & Rich,91,https://img.ssensemedia.com/images/222446F088019_1/sporty-and-rich-blue-wellness-shorts.jpg,10385651,women
94,Beige Embroidered Shorts,Sporty & Rich,98,https://img.ssensemedia.com/images/222446F088020_1/sporty-and-rich-beige-embroidered-shorts.jpg,10385841,women
95,Off-White Overdyed Spray Denim Shorts,Heron Preston,291,https://img.ssensemedia.com/images/222967F088004_1/heron-preston-off-white-overdyed-spray-denim-shorts.jpg,10565391,women
96,Beige Kiyo Shorts,LISA YANG,283,https://img.ssensemedia.com/images/222581F088005_1/lisa-yang-beige-kiyo-shorts.jpg,10704671,women
97,Black Baroque Shorts,Moschino,398,https://img.ssensemedia.com/images/222720F088001_1/moschino-black-baroque-shorts.jpg,11007161,women
98,Black Bow-Tie Shorts,Coperni,398,https://img.ssensemedia.com/images/222325F088000_1/coperni-black-bow-tie-shorts.jpg,11151051,women
99,Pink Kiko Mizuhara Edition Terrazzo Shorts,Fruity Booty,51,https://img.ssensemedia.com/images/222151F088002_1/fruity-booty-pink-kiko-mizuhara-edition-terrazzo-shorts.jpg,11856011,women
100,Blue Kiko Mizuhara Edition Vita Shorts,Fruity Booty,53,https://img.ssensemedia.com/images/222151F088003_1/fruity-booty-blue-kiko-mizuhara-edition-vita-shorts.jpg,11856031,women
101,SSENSE Exclusive Black Shorts,DIDU,231,https://img.ssensemedia.com/images/222052F073000_1/didu-ssense-exclusive-black-shorts.jpg,11897681,women
102,Blue Asymmetric Flower Jeans,Masha Popova,370,https://img.ssensemedia.com/images/222936F088003_1/masha-popova-blue-asymmetric-flower-jeans.jpg,11388311,women
103,Red Pony Shorts,Bode,650,https://img.ssensemedia.com/images/231169F088003_1/bode-red-pony-shorts.jpg,11211431,women
104,White Origami Shorts,3.1 Phillip Lim,375,https://img.ssensemedia.com/images/231283F088003_1/31-phillip-lim-white-origami-shorts.jpg,11964801,women
105,Tan Chino Pleated Shorts,3.1 Phillip Lim,590,https://img.ssensemedia.com/images/231283F088000_1/31-phillip-lim-tan-chino-pleated-shorts.jpg,11964771,women
106,Gray 'The Everyday' Shorts,3.1 Phillip Lim,295,https://img.ssensemedia.com/images/231283F088002_1/31-phillip-lim-gray-the-everyday-shorts.jpg,11964791,women
107,Black Origami Shorts,3.1 Phillip Lim,375,https://img.ssensemedia.com/images/231283F088004_1/31-phillip-lim-black-origami-shorts.jpg,11964811,women
108,White Bi-Material Spiral Denim Shorts,Mugler,507,https://img.ssensemedia.com/images/222345F088005_1/mugler-white-bi-material-spiral-denim-shorts.jpg,10167491,women
109,White Drawstring Shorts,We11done,307,https://img.ssensemedia.com/images/222327F088001_1/we11done-white-drawstring-shorts.jpg,11494291,women
110,SSENSE Exclusive Black Pervert Shorts,HOLLYWOOD GIFTS,76,https://img.ssensemedia.com/images/222833F088000_1/hollywood-gifts-ssense-exclusive-black-pervert-shorts.jpg,11414751,women
111,Orange Tommy Jeans Edition Striped Boxer Shorts,Martine Rose,81,https://img.ssensemedia.com/images/222892F088000_1/martine-rose-orange-tommy-jeans-edition-striped-boxer-shorts.jpg,11367781,women
112,Blue Tommy Jeans Edition Striped Boxer Shorts,Martine Rose,99,https://img.ssensemedia.com/images/222892F088001_1/martine-rose-blue-tommy-jeans-edition-striped-boxer-shorts.jpg,11367791,women
113,Blue Embossed Leggings,Mugler,493,https://img.ssensemedia.com/images/222345F088002_1/mugler-blue-embossed-leggings.jpg,10167461,women
114,Black Embossed Leggings,Mugler,397,https://img.ssensemedia.com/images/222345F088003_1/mugler-black-embossed-leggings.jpg,10167471,women
115,Khaki Jumping Jockey Rugby Shorts,Bode,605,https://img.ssensemedia.com/images/231169F088007_1/bode-khaki-jumping-jockey-rugby-shorts.jpg,11211471,women
116,SSENSE Exclusive Red Elia Shorts,Gimaguas,124,https://img.ssensemedia.com/images/222776F088002_1/gimaguas-ssense-exclusive-red-elia-shorts.jpg,11001781,women
117,SSENSE Exclusive Yellow Distressed Mini Skort,KIM SHUI,219,https://img.ssensemedia.com/images/222777F088001_1/kim-shui-ssense-exclusive-yellow-distressed-mini-skort.jpg,11302061,women
118,Burgundy Bike Shorts,Nike,49,https://img.ssensemedia.com/images/222011F088045_1/nike-burgundy-bike-shorts.jpg,10207261,women
119,Blue Sasha Skort,rag & bone,490,https://img.ssensemedia.com/images/231055F088000_1/rag-and-bone-blue-sasha-skort.jpg,11670751,women
120,Green & Brown Lena Shorts,KNWLS,159,https://img.ssensemedia.com/images/222148F088003_1/charlotte-knowles-green-and-brown-lena-shorts.jpg,11126441,women
121,Green & Purple Lena Shorts,KNWLS,148,https://img.ssensemedia.com/images/222148F088004_1/charlotte-knowles-green-and-purple-lena-shorts.jpg,11126451,women
122,Gray Dirt Cutoffs Denim Shorts,Rick Owens,647,https://img.ssensemedia.com/images/222232F088019_1/rick-owens-gray-dirt-cutoffs-denim-shorts.jpg,11103621,women
123,Off-White Kantha Shorts,AIREI,662,https://img.ssensemedia.com/images/222460F088000_1/airei-off-white-kantha-shorts.jpg,11068551,women
124,SSENSE Exclusive Blue Winnie Shorts,LISA YANG,285,https://img.ssensemedia.com/images/222581F088004_1/lisa-yang-ssense-exclusive-blue-winnie-shorts.jpg,10699651,women
125,Khaki Fitted Shorts,VAARA,118,https://img.ssensemedia.com/images/222015F088000_1/vaara-khaki-fitted-shorts.jpg,10773961,women
126,SSENSE Exclusive Blue Mid-Length Denim Shorts,Shushu/Tong,270,https://img.ssensemedia.com/images/222901F088009_1/shushu-tong-ssense-exclusive-blue-mid-length-denim-shorts.jpg,11530091,women
127,SSENSE Exclusive White Mid-Length Denim Shorts,Shushu/Tong,265,https://img.ssensemedia.com/images/222901F088010_1/shushu-tong-ssense-exclusive-white-mid-length-denim-shorts.jpg,11530101,women
128,SSENSE Exclusive Blue High Waisted Denim Skort,Shushu/Tong,347,https://img.ssensemedia.com/images/222901F088008_1/shushu-tong-ssense-exclusive-blue-high-waisted-denim-skort.jpg,11530081,women
129,Brown Curvy Shorts,Edward Cuming,424,https://img.ssensemedia.com/images/222470F088000_1/edward-cuming-brown-curvy-shorts.jpg,11327091,women
130,Brown Printed Shorts,Jade Cropper,173,https://img.ssensemedia.com/images/222772F088001_1/jade-cropper-brown-printed-shorts.jpg,11268961,women
131,Yellow Zig-Zag Shorts,Bode,750,https://img.ssensemedia.com/images/231169F088001_1/bode-yellow-zig-zag-shorts.jpg,11210901,women
132,Black Graphic Shorts,Golden Goose,290,https://img.ssensemedia.com/images/222264F088001_1/golden-goose-black-graphic-shorts.jpg,9946281,women
133,Black Concealed Zip Shorts,Valentino,890,https://img.ssensemedia.com/images/222476F088003_1/valentino-black-concealed-zip-shorts.jpg,11213901,women
134,White Middle Shorts,Palmes,83,https://img.ssensemedia.com/images/222963F088000_1/palmes-white-middle-shorts.jpg,10836211,women
135,Black Middle Shorts,Palmes,85,https://img.ssensemedia.com/images/222963F088001_1/palmes-black-middle-shorts.jpg,10836221,women
136,Off-White Donkey Party Rugby Shorts,Bode,760,https://img.ssensemedia.com/images/222169F088000_1/bode-off-white-donkey-party-rugby-shorts.jpg,9897591,women
137,Off-White Georgia Peach Rugby Shorts,Bode,795,https://img.ssensemedia.com/images/222169F088004_1/bode-off-white-georgia-peach-rugby-shorts.jpg,9897901,women
138,Beige Twin Pleat Shorts,See by Chloé,273,https://img.ssensemedia.com/images/222373F088001_1/see-by-chloe-beige-twin-pleat-shorts.jpg,10806211,women
139,Orange Drawstring Shorts,Rick Owens,623,https://img.ssensemedia.com/images/222232F088017_1/rick-owens-orange-drawstring-shorts.jpg,11103601,women
140,Off-White Winter Garden Shorts,Bode,555,https://img.ssensemedia.com/images/231169F088000_1/bode-off-white-winter-garden-shorts.jpg,11210891,women
141,Gray n°247 Shorts,extreme cashmere,233,https://img.ssensemedia.com/images/222315F088003_1/extreme-cashmere-gray-n247-shorts.jpg,11151421,women
142,Beige n°247 Shorts,extreme cashmere,233,https://img.ssensemedia.com/images/222315F088004_1/extreme-cashmere-beige-n247-shorts.jpg,11151431,women
143,Beige Strawberry Shorts,HELMSTEDT,124,https://img.ssensemedia.com/images/222977F088000_1/helmstedt-beige-strawberry-shorts.jpg,10220681,women
144,Brown 'Good Planets Are Hard To Find' Shorts,Online Ceramics,80,https://img.ssensemedia.com/images/231745F088000_1/online-ceramics-brown-good-planets-are-hard-to-find-shorts.jpg,12734651,women
145,Black Strobe Boxer Shorts,Rick Owens,562,https://img.ssensemedia.com/images/222232F088013_1/rick-owens-black-strobe-boxer-shorts.jpg,11103561,women
146,Green Strobe Boxer Shorts,Rick Owens,473,https://img.ssensemedia.com/images/222232F088011_1/rick-owens-green-strobe-boxer-shorts.jpg,11103541,women
147,Off-White Strobe Boxer Shorts,Rick Owens,473,https://img.ssensemedia.com/images/222232F088012_1/rick-owens-off-white-strobe-boxer-shorts.jpg,11103551,women
148,Khaki Delancey Fundamental Shorts,Saturdays NYC,61,https://img.ssensemedia.com/images/222899F088003_1/saturdays-nyc-khaki-delancey-fundamental-shorts.jpg,11303121,women
149,Off-White Delancey Fundamental Shorts,Saturdays NYC,62,https://img.ssensemedia.com/images/222899F088004_1/saturdays-nyc-off-white-delancey-fundamental-shorts.jpg,11303131,women
150,Black Cargo Shorts,Simone Rocha,673,https://img.ssensemedia.com/images/222405F088002_1/simone-rocha-black-cargo-shorts.jpg,10946611,women
151,Black Emma Leggings,a. roege hove,276,https://img.ssensemedia.com/images/222596F088000_1/a-roege-hove-black-emma-leggings.jpg,11201541,women
152,Black Studded Shorts,AREA,478,https://img.ssensemedia.com/images/222372F088001_1/area-black-studded-shorts.jpg,10531521,women
153,SSENSE Exclusive Pink Pleated Skort,Pushbutton,207,https://img.ssensemedia.com/images/222252F088004_1/pushbutton-ssense-exclusive-pink-pleated-skort.jpg,10749951,women
154,SSENSE Exclusive Gray Denim Skort,Pushbutton,239,https://img.ssensemedia.com/images/222252F088008_1/pushbutton-ssense-exclusive-gray-denim-skort.jpg,11325961,women
155,SSENSE Exclusive Blue Denim Skort,Pushbutton,193,https://img.ssensemedia.com/images/222252F088009_1/pushbutton-ssense-exclusive-blue-denim-skort.jpg,11325971,women
156,SSENSE Exclusive Red Pleated Skort,Pushbutton,226,https://img.ssensemedia.com/images/222252F088011_1/pushbutton-ssense-exclusive-red-pleated-skort.jpg,11325991,women
157,Beige Dart Denim Shorts,Wooyoungmi,253,https://img.ssensemedia.com/images/222704F088000_1/wooyoungmi-beige-dart-denim-shorts.jpg,11221631,women
158,Black Maison Contouring Shorts,La Perla,355,https://img.ssensemedia.com/images/222390F088001_1/la-perla-black-maison-contouring-shorts.jpg,10754051,women
159,Beige Military Teddy Scarf Shorts,Moschino,311,https://img.ssensemedia.com/images/222720F088000_1/moschino-beige-military-teddy-scarf-shorts.jpg,10156091,women
160,Black Phleg Shorts,Rick Owens Drkshdw,479,https://img.ssensemedia.com/images/222126F088001_1/rick-owens-drkshdw-black-phleg-shorts.jpg,10499171,women
161,Pink Printed Shorts,Sporty & Rich,68,https://img.ssensemedia.com/images/222446F088001_1/sporty-and-rich-pink-printed-shorts.jpg,9813521,women
162,Brown Salomon Edition Panno Utility Shorts,GR10K,173,https://img.ssensemedia.com/images/222310F088000_1/gr10k-brown-salomon-edition-panno-utility-shorts.jpg,10285181,women
163,SSENSE Exclusive Black & White Shorts,Tach,147,https://img.ssensemedia.com/images/222657F088000_1/tach-ssense-exclusive-black-and-white-shorts.jpg,10875021,women
164,Brown Titi Shorts,Kika Vargas,94,https://img.ssensemedia.com/images/222593F088005_1/kika-vargas-brown-titi-shorts.jpg,11295671,women
165,Brown Air Shorts,Nike,56,https://img.ssensemedia.com/images/222011F088052_1/nike-brown-air-shorts.jpg,10207331,women
166,Black Equipment Shorts,Butter Goods,64,https://img.ssensemedia.com/images/222888F088003_1/butter-goods-black-equipment-shorts.jpg,11573701,women
167,Black Overdyed Pedal Pusher Shorts,Luna Del Pinal,259,https://img.ssensemedia.com/images/222964F088001_1/luna-del-pinal-black-overdyed-pedal-pusher-shorts.jpg,11052551,women
168,SSENSE Exclusive Orange Capsule Shorts,Luna Del Pinal,141,https://img.ssensemedia.com/images/222964F088002_1/luna-del-pinal-ssense-exclusive-orange-capsule-shorts.jpg,11052901,women
169,SSENSE Exclusive Green Capsule Shorts,Luna Del Pinal,178,https://img.ssensemedia.com/images/222964F088003_1/luna-del-pinal-ssense-exclusive-green-capsule-shorts.jpg,11052911,women
170,Red Mini Shorts,Marine Serre,325,https://img.ssensemedia.com/images/222020F088001_1/marine-serre-red-mini-shorts.jpg,10790091,women
171,Beige Mini Shorts,Marine Serre,381,https://img.ssensemedia.com/images/222020F088002_1/marine-serre-beige-mini-shorts.jpg,10790101,women
172,Pink & Red Romario Shorts,Vivienne Westwood,299,https://img.ssensemedia.com/images/222314F088004_1/vivienne-westwood-pink-and-red-romario-shorts.jpg,10478511,women
173,Off-White Kiyo Shorts,LISA YANG,247,https://img.ssensemedia.com/images/222581F088000_1/lisa-yang-off-white-kiyo-shorts.jpg,10448081,women
174,Black Kiyo Shorts,LISA YANG,267,https://img.ssensemedia.com/images/222581F088006_1/lisa-yang-black-kiyo-shorts.jpg,10704681,women
175,Brown Kiyo Shorts,LISA YANG,241,https://img.ssensemedia.com/images/222581F088007_1/lisa-yang-brown-kiyo-shorts.jpg,10704691,women
176,Black Furka Shorts,Rick Owens Drkshdw,302,https://img.ssensemedia.com/images/222126F088004_1/rick-owens-drkshdw-black-furka-shorts.jpg,10499201,women
177,Black Printed Shorts,Raf Simons,311,https://img.ssensemedia.com/images/221287F088001_1/raf-simons-black-printed-shorts.jpg,9603501,women
178,SSENSE Exclusive Green Pleated Skort,Pushbutton,256,https://img.ssensemedia.com/images/222252F088010_1/pushbutton-ssense-exclusive-green-pleated-skort.jpg,11325981,women
179,Orange Paola Leather Shorts,REMAIN Birger Christensen,163,https://img.ssensemedia.com/images/222985F088005_1/remain-birger-christensen-orange-paola-leather-shorts.jpg,10943981,women
180,Off-White Garment-Dyed Shorts,LEMAIRE,508,https://img.ssensemedia.com/images/222646F069016_1/lemaire-off-white-garment-dyed-shorts.jpg,10623601,women
181,Red Diamond Shorts,Nike Jordan,75,https://img.ssensemedia.com/images/231445F088001_1/jordan-red-diamond-shorts.jpg,11229831,women
182,Black Melody Briefs,Anna October,161,https://img.ssensemedia.com/images/222200F088000_1/anna-october-black-melody-briefs.jpg,10916721,women
183,Black Tripoli Shorts,Max Mara,543,https://img.ssensemedia.com/images/222118F088004_1/max-mara-black-tripoli-shorts.jpg,10997301,women
184,SSENSE Exclusive Black Shorts,Shushu/Tong,343,https://img.ssensemedia.com/images/222901F088002_1/shushu-tong-ssense-exclusive-black-shorts.jpg,11455771,women
185,Black Drawstring Shorts,Rick Owens Drkshdw,353,https://img.ssensemedia.com/images/222126F088007_1/rick-owens-drkshdw-black-drawstring-shorts.jpg,10637281,women
186,Black Wide Leg Shorts,Simone Rocha,344,https://img.ssensemedia.com/images/222405F088005_1/simone-rocha-black-wide-leg-shorts.jpg,10954581,women
187,Brown Cotton Shorts,Essentials,85,https://img.ssensemedia.com/images/222161F541004_1/essentials-brown-cotton-shorts.jpg,10231581,women
188,Gray Cotton Shorts,Essentials,75,https://img.ssensemedia.com/images/222161F088013_1/essentials-gray-cotton-shorts.jpg,10231321,women
189,Gray Flocked Shorts,Essentials,95,https://img.ssensemedia.com/images/222161F088032_1/essentials-gray-flocked-shorts.jpg,10232961,women
190,Gray Nylon Shorts,Essentials,95,https://img.ssensemedia.com/images/222161F088037_1/essentials-gray-nylon-shorts.jpg,10233011,women
191,Gray Cotton Shorts,Essentials,90,https://img.ssensemedia.com/images/222161F088035_1/essentials-gray-cotton-shorts.jpg,10232991,women
192,Gray Patch Shorts,Essentials,85,https://img.ssensemedia.com/images/222161F088016_1/essentials-gray-patch-shorts.jpg,10231351,women
193,Brown Cotton Shorts,Essentials,75,https://img.ssensemedia.com/images/222161F088012_1/essentials-brown-cotton-shorts.jpg,10231311,women
194,Brown Flocked Shorts,Essentials,80,https://img.ssensemedia.com/images/222161F088031_1/essentials-brown-flocked-shorts.jpg,10232951,women
195,Brown Nylon Shorts,Essentials,80,https://img.ssensemedia.com/images/222161F088036_1/essentials-brown-nylon-shorts.jpg,10233001,women
196,Brown Cotton Shorts,Essentials,75,https://img.ssensemedia.com/images/222161F088034_1/essentials-brown-cotton-shorts.jpg,10232981,women
197,Brown Patch Shorts,Essentials,70,https://img.ssensemedia.com/images/222161F088015_1/essentials-brown-patch-shorts.jpg,10231341,women
198,Yellow Cotton Shorts,Essentials,75,https://img.ssensemedia.com/images/222161F088014_1/essentials-yellow-cotton-shorts.jpg,10231331,women
199,Yellow Flocked Shorts,Essentials,95,https://img.ssensemedia.com/images/222161F088033_1/essentials-yellow-flocked-shorts.jpg,10232971,women
200,Yellow Nylon Shorts,Essentials,95,https://img.ssensemedia.com/images/222161F088038_1/essentials-yellow-nylon-shorts.jpg,10233021,women
201,Yellow Patch Shorts,Essentials,70,https://img.ssensemedia.com/images/222161F088017_1/essentials-yellow-patch-shorts.jpg,10231361,women
202,Black Flaming Skull Cycling Shorts,Heron Preston,156,https://img.ssensemedia.com/images/222967F088001_1/heron-preston-black-flaming-skull-cycling-shorts.jpg,10565361,women
203,Blue Flaming Skull Cycling Shorts,Heron Preston,140,https://img.ssensemedia.com/images/222967F088002_1/heron-preston-blue-flaming-skull-cycling-shorts.jpg,10565371,women
204,Tan Studded Shorts,MM6 Maison Margiela,85,https://img.ssensemedia.com/images/222188F088001_1/mm6-maison-margiela-tan-studded-shorts.jpg,10981481,women
205,SSENSE Exclusive Black Pleated Shorts,Shushu/Tong,309,https://img.ssensemedia.com/images/222901F088000_1/shushu-tong-ssense-exclusive-black-pleated-shorts.jpg,11455751,women
206,Red Shag Shorts,Pushbutton,154,https://img.ssensemedia.com/images/222252F088007_1/pushbutton-red-shag-shorts.jpg,11325951,women
207,Beige Belted Shorts,Simone Rocha,302,https://img.ssensemedia.com/images/222405F088003_1/simone-rocha-beige-belted-shorts.jpg,10946621,women
208,Multicolor Star & Stripe Bike Shorts,Chopova Lowena,53,https://img.ssensemedia.com/images/222529F088003_1/chopova-lowena-multicolor-star-and-stripe-bike-shorts.jpg,10452991,women
209,Black 501 Original Shorts,Levi's,62,https://img.ssensemedia.com/images/222099F088000_1/levis-black-501-original-shorts.jpg,10036481,women
210,Brown Mid-Length Shorts,Shushu/Tong,247,https://img.ssensemedia.com/images/222901F088006_1/shushu-tong-brown-mid-length-shorts.jpg,11457041,women
211,Black Boxer Shorts,Rick Owens,521,https://img.ssensemedia.com/images/222232F088001_1/rick-owens-black-boxer-shorts.jpg,9948441,women
212,Green Boxer Shorts,Rick Owens,377,https://img.ssensemedia.com/images/222232F088002_1/rick-owens-green-boxer-shorts.jpg,9948451,women
213,Black Boxer Shorts,Rick Owens,606,https://img.ssensemedia.com/images/222232F088006_1/rick-owens-black-boxer-shorts.jpg,9948491,women
214,Black Drawstring Shorts,Rick Owens,615,https://img.ssensemedia.com/images/222232F088008_1/rick-owens-black-drawstring-shorts.jpg,9948511,women
215,Orange Leather Boxer Shorts,Rick Owens,770,https://img.ssensemedia.com/images/222232F088015_1/rick-owens-orange-leather-boxer-shorts.jpg,11103581,women
216,Gray Leather Boxer Shorts,Rick Owens,741,https://img.ssensemedia.com/images/222232F088016_1/rick-owens-gray-leather-boxer-shorts.jpg,11103591,women
217,Gray Phleg Shorts,Rick Owens Drkshdw,370,https://img.ssensemedia.com/images/222126F088002_1/rick-owens-drkshdw-gray-phleg-shorts.jpg,10499181,women
218,White High-Rise Shorts,Nike,41,https://img.ssensemedia.com/images/222011F088051_1/nike-white-high-rise-shorts.jpg,10207321,women
219,Black Studded Burning Shorts,Palm Angels,677,https://img.ssensemedia.com/images/222695F097018_1/palm-angels-black-studded-burning-shorts.jpg,10611791,women
220,Black Bisou Shorts,Aeron,146,https://img.ssensemedia.com/images/222343F088001_1/andaacuteeron-black-bisou-shorts.jpg,10126411,women
221,White Graphic Shorts,Chopova Lowena,46,https://img.ssensemedia.com/images/222529F088004_1/chopova-lowena-white-graphic-shorts.jpg,10453001,women
222,Black Class V Shorts,The North Face,40,https://img.ssensemedia.com/images/221802F088001_1/the-north-face-black-class-v-shorts.jpg,8700591,women
223,Black Le Papier 'Le Short Neve' Shorts,Jacquemus,99,https://img.ssensemedia.com/images/222553F088007_1/jacquemus-black-le-papier-le-short-neve-shorts.jpg,10661701,women
224,Off-White Le Papier 'Le Short Neve' Shorts,Jacquemus,97,https://img.ssensemedia.com/images/222553F088004_1/jacquemus-off-white-le-papier-le-short-neve-shorts.jpg,10661671,women
225,Pink Le Papier 'Le Short Neve' Shorts,Jacquemus,145,https://img.ssensemedia.com/images/222553F088005_1/jacquemus-pink-le-papier-le-short-neve-shorts.jpg,10661681,women
226,Tan Le Papier 'Le Short Neve' Shorts,Jacquemus,139,https://img.ssensemedia.com/images/222553F088006_1/jacquemus-tan-le-papier-le-short-neve-shorts.jpg,10661691,women
227,Black Cut Off Shorts,Edward Cuming,254,https://img.ssensemedia.com/images/222470F088001_1/edward-cuming-black-cut-off-shorts.jpg,11327101,women
228,SSENSE Exclusive Black Tempera Shorts,Études,122,https://img.ssensemedia.com/images/222647F088000_1/etudes-ssense-exclusive-black-tempera-shorts.jpg,9965671,women
229,Off-White SST Shorts,adidas Originals,41,https://img.ssensemedia.com/images/222751F088008_1/adidas-originals-off-white-sst-shorts.jpg,9756721,women
230,Navy SST Shorts,adidas Originals,39,https://img.ssensemedia.com/images/222751F088009_1/adidas-originals-navy-sst-shorts.jpg,9756731,women
231,Black Optime Trainicons Bike Shorts,adidas Originals,47,https://img.ssensemedia.com/images/222751F088001_1/adidas-originals-black-optime-trainicons-bike-shorts.jpg,9751471,women
232,Off-White Barbie Shorts,Blossom,118,https://img.ssensemedia.com/images/222584F088000_1/blossom-off-white-barbie-shorts.jpg,11157631,women
233,Khaki Tool Shorts,Diesel,190,https://img.ssensemedia.com/images/222001F088000_1/diesel-khaki-tool-shorts.jpg,10046241,women
234,Black Classic Cut-Off Shorts,HommeGirls,200,https://img.ssensemedia.com/images/222783F088000_1/hommegirls-black-classic-cut-off-shorts.jpg,11314031,women
235,Black Patch Pocket Shorts,Reese Cooper,207,https://img.ssensemedia.com/images/222115F088000_1/reese-cooper-black-patch-pocket-shorts.jpg,10998291,women
236,Black Graphic Shorts,Chopova Lowena,73,https://img.ssensemedia.com/images/222529F088001_1/chopova-lowena-black-graphic-shorts.jpg,10452971,women
237,Navy Cloud Dye Shorts,Acne Studios,250,https://img.ssensemedia.com/images/222129F088007_1/acne-studios-navy-cloud-dye-shorts.jpg,9751151,women
238,Multicolor Molton Shorts,SIEDRÉS,121,https://img.ssensemedia.com/images/222976F088002_1/siedres-multicolor-molton-shorts.jpg,10982681,women
239,Multicolor Molton Biker Shorts,SIEDRÉS,108,https://img.ssensemedia.com/images/222976F088003_1/siedres-multicolor-molton-biker-shorts.jpg,10982691,women
240,Black Summit Shorts,John Elliott,190,https://img.ssensemedia.com/images/222761F088002_1/john-elliott-black-summit-shorts.jpg,12800461,women
241,Black Embroidered Shorts,Rhude,258,https://img.ssensemedia.com/images/222923F088005_1/rhude-black-embroidered-shorts.jpg,10672831,women
242,Brown Patch Denim Shorts,LEMAIRE,539,https://img.ssensemedia.com/images/222646F069015_1/lemaire-brown-patch-denim-shorts.jpg,10623591,women
243,Green Summit Shorts,John Elliott,178,https://img.ssensemedia.com/images/222761F088003_1/john-elliott-green-summit-shorts.jpg,12800471,women
244,Black High Loose Shorts,Levi's,51,https://img.ssensemedia.com/images/222099F088003_1/levis-black-high-loose-shorts.jpg,10036511,women
245,Blue 501 Denim Shorts,Levi's,55,https://img.ssensemedia.com/images/222099F088006_1/levis-blue-501-denim-shorts.jpg,10036541,women
246,Black Nameplate Short,AREA,726,https://img.ssensemedia.com/images/222372F088002_1/area-black-nameplate-short.jpg,10531531,women
247,Blue Nameplate Shorts,AREA,478,https://img.ssensemedia.com/images/222372F088000_1/area-blue-nameplate-shorts.jpg,10531511,women
248,Beige Jacquemus Edition Biker Shorts,Nike,70,https://img.ssensemedia.com/images/222011F088065_1/nike-beige-jacquemus-edition-biker-shorts.jpg,12862621,women
249,Beige Fluid Shorts,Isabel Marant Etoile,390,https://img.ssensemedia.com/images/222599F088000_1/isabel-marant-etoile-beige-fluid-shorts.jpg,10137141,women
250,Black Ribbon Shorts,Simone Rocha,554,https://img.ssensemedia.com/images/222405F088001_1/simone-rocha-black-ribbon-shorts.jpg,10946591,women
251,Orange Lena Shorts,KNWLS,131,https://img.ssensemedia.com/images/222148F088000_1/charlotte-knowles-orange-lena-shorts.jpg,11126411,women
252,Purple Lena Shorts,KNWLS,128,https://img.ssensemedia.com/images/222148F088001_1/charlotte-knowles-purple-lena-shorts.jpg,11126421,women
253,Brown Lena Shorts,KNWLS,159,https://img.ssensemedia.com/images/222148F088002_1/charlotte-knowles-brown-lena-shorts.jpg,11126431,women
254,Brown Exaggerated Check Shorts,Burberry,920,https://img.ssensemedia.com/images/222376F088001_1/burberry-brown-exaggerated-check-shorts.jpg,10009791,women
255,Blue Brief Layer Denim Shorts,Alexander Wang,415,https://img.ssensemedia.com/images/222187F088017_1/alexander-wang-blue-brief-layer-denim-shorts.jpg,10857731,women
256,Black Shorty Denim Shorts,Alexander Wang,395,https://img.ssensemedia.com/images/222187F088019_1/alexander-wang-black-shorty-denim-shorts.jpg,10857751,women
257,Blue Boxer Shorts,WARDROBE.NYC,420,https://img.ssensemedia.com/images/222277F088002_1/wardrobenyc-blue-boxer-shorts.jpg,10096281,women
258,Blue Plunging Skort,Alexander Wang,298,https://img.ssensemedia.com/images/222187F088013_1/alexander-wang-blue-plunging-skort.jpg,10854501,women
259,Black Air Shorts,Nike,31,https://img.ssensemedia.com/images/222011F088050_1/nike-black-air-shorts.jpg,10207311,women
260,SSENSE Exclusive Pink Rhesa Shorts,Poster Girl,106,https://img.ssensemedia.com/images/221770F088008_1/poster-girl-ssense-exclusive-pink-rhesa-shorts.jpg,9972081,women
261,Black Floral Shorts,Shushu/Tong,213,https://img.ssensemedia.com/images/222901F088007_1/shushu-tong-black-floral-shorts.jpg,11457051,women
262,Black Six Shorts,MM6 Maison Margiela,73,https://img.ssensemedia.com/images/222188F088002_1/mm6-maison-margiela-black-six-shorts.jpg,10981491,women
263,Blue Diamante Strap Denim Shorts,Alexander Wang,375,https://img.ssensemedia.com/images/222187F088018_1/alexander-wang-blue-diamante-strap-denim-shorts.jpg,10857741,women
264,Blue 'The Short' Shorts,Re/Done,154,https://img.ssensemedia.com/images/222800F088012_1/re-done-blue-the-short-shorts.jpg,11604711,women
265,Black Metal Bloomer Shorts,Chopova Lowena,304,https://img.ssensemedia.com/images/222529F088002_1/chopova-lowena-black-metal-bloomer-shorts.jpg,10452981,women
266,Black Greca Shorts,Versace Underwear,255,https://img.ssensemedia.com/images/222653F088004_1/versace-underwear-black-greca-shorts.jpg,10088611,women
267,Black Lazy Biker Shorts,AVAVAV,166,https://img.ssensemedia.com/images/222094F088003_1/avavav-black-lazy-biker-shorts.jpg,10389531,women
268,Brown Gelato Shorts,Max Mara,191,https://img.ssensemedia.com/images/222118F088002_1/max-mara-brown-gelato-shorts.jpg,10119421,women
269,Black Layered Denim Shorts,sacai,778,https://img.ssensemedia.com/images/222445F088023_1/sacai-black-layered-denim-shorts.jpg,10555271,women
270,Black Buttoned Shorts,Versace,508,https://img.ssensemedia.com/images/222404F088001_1/versace-black-buttoned-shorts.jpg,10066641,women
271,Purple NSW Air Shorts,Nike,39,https://img.ssensemedia.com/images/222011F088053_1/nike-purple-nsw-air-shorts.jpg,10207341,women
272,Beige Boxer Shorts,Rick Owens,466,https://img.ssensemedia.com/images/222232F088005_1/rick-owens-beige-boxer-shorts.jpg,9948481,women
273,Yellow Vegan Leather Munira Shorts,Nanushka,217,https://img.ssensemedia.com/images/222845F088002_1/nanushka-yellow-vegan-leather-munira-shorts.jpg,10541561,women
274,Black Bonded Shorts,Versace Jeans Couture,61,https://img.ssensemedia.com/images/222202F088002_1/versace-jeans-couture-black-bonded-shorts.jpg,9981971,women
275,Black Classics Cozy Shorts,Reebok Classics,36,https://img.ssensemedia.com/images/222749F088000_1/reebok-classics-black-classics-cozy-shorts.jpg,9787391,women
276,Blue Classics Cozy Shorts,Reebok Classics,37,https://img.ssensemedia.com/images/222749F088006_1/reebok-classics-blue-classics-cozy-shorts.jpg,9794621,women
277,Multicolor Printed Shorts,Versace Underwear,268,https://img.ssensemedia.com/images/222653F088003_1/versace-underwear-multicolor-printed-shorts.jpg,10088601,women
278,Brown Printed Shorts,Sporty & Rich,75,https://img.ssensemedia.com/images/222446F088000_1/sporty-and-rich-brown-printed-shorts.jpg,9813441,women
279,Off-White Cotton Shorts,Essentials,85,https://img.ssensemedia.com/images/222161F541000_1/essentials-off-white-cotton-shorts.jpg,10230921,women
280,Off-White Cotton Shorts,Essentials,75,https://img.ssensemedia.com/images/222161F088007_1/essentials-off-white-cotton-shorts.jpg,10230671,women
281,Off-White Drawstring Shorts,Essentials,95,https://img.ssensemedia.com/images/222161F088023_1/essentials-off-white-drawstring-shorts.jpg,10232251,women
282,Off-White Cotton Shorts,Essentials,85,https://img.ssensemedia.com/images/222161F088001_1/essentials-off-white-cotton-shorts.jpg,10230611,women
283,Off-White Cotton Shorts,Essentials,80,https://img.ssensemedia.com/images/222161F088026_1/essentials-off-white-cotton-shorts.jpg,10232281,women
284,Off-White Nylon Shorts,Essentials,95,https://img.ssensemedia.com/images/222161F088028_1/essentials-off-white-nylon-shorts.jpg,10232301,women
285,Pink Cotton Shorts,Essentials,75,https://img.ssensemedia.com/images/222161F088009_1/essentials-pink-cotton-shorts.jpg,10230691,women
286,Pink Drawstring Shorts,Essentials,95,https://img.ssensemedia.com/images/222161F088025_1/essentials-pink-drawstring-shorts.jpg,10232271,women
287,Pink Cotton Shorts,Essentials,85,https://img.ssensemedia.com/images/222161F088003_1/essentials-pink-cotton-shorts.jpg,10230631,women
288,Gray Cotton Shorts,Essentials,70,https://img.ssensemedia.com/images/222161F088008_1/essentials-gray-cotton-shorts.jpg,10230681,women
289,Gray Drawstring Shorts,Essentials,95,https://img.ssensemedia.com/images/222161F088024_1/essentials-gray-drawstring-shorts.jpg,10232261,women
290,Gray Cotton Shorts,Essentials,85,https://img.ssensemedia.com/images/222161F088002_1/essentials-gray-cotton-shorts.jpg,10230621,women
291,Gray Nylon Shorts,Essentials,95,https://img.ssensemedia.com/images/222161F088029_1/essentials-gray-nylon-shorts.jpg,10232311,women
292,SSENSE Exclusive Green Shorts,Isa Boulder,297,https://img.ssensemedia.com/images/222541F088000_1/isa-boulder-ssense-exclusive-green-shorts.jpg,11278481,women
293,Brown Munira Vegan Leather Shorts,Nanushka,223,https://img.ssensemedia.com/images/222845F088001_1/nanushka-brown-munira-vegan-leather-shorts.jpg,10541551,women
294,Pink Rima Shorts,Nanushka,201,https://img.ssensemedia.com/images/222845F088004_1/nanushka-pink-rima-shorts.jpg,10543031,women
295,Blue Whiskered Shorts,rag & bone,95,https://img.ssensemedia.com/images/222055F088004_1/rag-and-bone-blue-whiskered-shorts.jpg,10915991,women
296,Blue Raver Denim Skort,Alexander Wang,261,https://img.ssensemedia.com/images/222187F088001_1/alexander-wang-blue-raver-denim-skort.jpg,10090521,women
297,White Graphic Shorts,Praying,103,https://img.ssensemedia.com/images/222810F088003_1/praying-white-graphic-shorts.jpg,11294761,women
298,Green Class V Shorts,The North Face,29,https://img.ssensemedia.com/images/221802F088000_1/the-north-face-green-class-v-shorts.jpg,8700581,women
299,Black Ribbed Shorts,Stella McCartney,60,https://img.ssensemedia.com/images/222471F072000_1/stella-mccartney-black-ribbed-shorts.jpg,10757581,women
300,White Winnie Boxer Shorts,Tanner Fletcher,80,https://img.ssensemedia.com/images/222417F088002_1/tanner-fletcher-white-winnie-boxer-shorts.jpg,11096511,women
301,Black Perforated Shorts,AMBUSH,213,https://img.ssensemedia.com/images/222820F088000_1/ambush-black-perforated-shorts.jpg,10606851,women
302,Gray Circa 72 Shorts,Nike,32,https://img.ssensemedia.com/images/222011F088004_1/nike-gray-circa-72-shorts.jpg,9530971,women
303,Black Taalem Shorts,by Malene Birger,257,https://img.ssensemedia.com/images/222295F088003_1/by-malene-birger-black-taalem-shorts.jpg,9997521,women
304,Blue Janty Shorts,Y/Project,433,https://img.ssensemedia.com/images/222893F088000_1/y-project-blue-janty-shorts.jpg,10609991,women
305,Black Sporty Logo Shorts,Stella McCartney,114,https://img.ssensemedia.com/images/222471F102002_1/stella-mccartney-black-sporty-logo-shorts.jpg,10757701,women
306,Brown 'Heron Preston' Shorts,Heron Preston,143,https://img.ssensemedia.com/images/222967F088003_1/heron-preston-brown-heron-preston-shorts.jpg,10565381,women
307,Black & White Striped Shorts,Balmain,234,https://img.ssensemedia.com/images/222251F102000_1/balmain-black-and-white-striped-shorts.jpg,10145871,women
308,Black Striped Shorts,Balmain,221,https://img.ssensemedia.com/images/222251F102001_1/balmain-black-striped-shorts.jpg,10145881,women
309,Black Printed Shorts,Bernhard Willhelm,393,https://img.ssensemedia.com/images/222474F088000_1/bernard-willhelm-black-printed-shorts.jpg,11214081,women
310,Gray Health Crew Shorts,Sporty & Rich,61,https://img.ssensemedia.com/images/222446F088002_1/sporty-and-rich-gray-health-crew-shorts.jpg,9813581,women
311,White Prince Edition Gym Shorts,Sporty & Rich,67,https://img.ssensemedia.com/images/222446F088008_1/sporty-and-rich-white-prince-edition-gym-shorts.jpg,10238001,women
312,Gray Prince Edition Disco Shorts,Sporty & Rich,84,https://img.ssensemedia.com/images/222446F088012_1/sporty-and-rich-gray-prince-edition-disco-shorts.jpg,10238161,women
313,Pink Prince Edition Disco Shorts,Sporty & Rich,67,https://img.ssensemedia.com/images/222446F088010_1/sporty-and-rich-pink-prince-edition-disco-shorts.jpg,10238061,women
314,White Prince Edition Shorts,Sporty & Rich,109,https://img.ssensemedia.com/images/222446F088013_1/sporty-and-rich-white-prince-edition-shorts.jpg,10238251,women
315,White Prince Edition Shorts,Sporty & Rich,94,https://img.ssensemedia.com/images/222446F088014_1/sporty-and-rich-white-prince-edition-shorts.jpg,10238261,women
316,Gray Brooklyn Shorts,COTTON CITIZEN,151,https://img.ssensemedia.com/images/222750F088008_1/cotton-citizen-gray-brooklyn-shorts.jpg,11369501,women
317,Blue Layered Shorts,sacai,749,https://img.ssensemedia.com/images/222445F088024_1/sacai-blue-layered-shorts.jpg,10555281,women
318,White Paint Shorts,Dries Van Noten,755,https://img.ssensemedia.com/images/222358F088000_1/dries-van-noten-white-paint-shorts.jpg,10858301,women
319,Pink Paint Shorts,Dries Van Noten,755,https://img.ssensemedia.com/images/222358F088001_1/dries-van-noten-pink-paint-shorts.jpg,10858311,women
320,Black Bela Shorts,Rick Owens,490,https://img.ssensemedia.com/images/222232F088000_1/rick-owens-black-bela-shorts.jpg,9948431,women
321,Blue Tiger Shorts,Doublet,263,https://img.ssensemedia.com/images/222038F088000_1/doublet-blue-tiger-shorts.jpg,10640191,women
322,Brown Paola Leather Shorts,REMAIN Birger Christensen,198,https://img.ssensemedia.com/images/222985F088002_1/remain-birger-christensen-brown-paola-leather-shorts.jpg,10380711,women
323,Blue Ima Shorts,REMAIN Birger Christensen,75,https://img.ssensemedia.com/images/222985F088004_1/remain-birger-christensen-blue-ima-shorts.jpg,10380731,women
324,Blue Billie Shorts,Bond-Eye,86,https://img.ssensemedia.com/images/222559F088000_1/bound-by-bond-eye-blue-billie-shorts.jpg,10234461,women
325,SSENSE Exclusive Multicolor Desert Rose Shorts,FENSI,86,https://img.ssensemedia.com/images/222100F088000_1/fensi-ssense-exclusive-multicolor-desert-rose-shorts.jpg,11306791,women
326,Purple Le Papier 'Le Short Arancia' Shorts,Jacquemus,143,https://img.ssensemedia.com/images/222553F088023_1/jacquemus-purple-le-papier-le-short-arancia-shorts.jpg,10666461,women
327,Red Le Papier 'Le Short Arancia' Shorts,Jacquemus,140,https://img.ssensemedia.com/images/222553F088025_1/jacquemus-red-le-papier-le-short-arancia-shorts.jpg,10666481,women
328,Brown Everyday Modern Shorts,Nike,43,https://img.ssensemedia.com/images/222011F088048_1/nike-brown-everyday-modern-shorts.jpg,10207291,women
329,Blue Pleated Shorts,sacai,781,https://img.ssensemedia.com/images/221445F088010_1/sacai-blue-pleated-shorts.jpg,9736721,women
330,Gray Wool Shorts,alexanderwang.t,163,https://img.ssensemedia.com/images/222214F088034_1/alexanderwangt-gray-wool-shorts.jpg,10140141,women
331,Black Lui Shorts,The Frankie Shop,99,https://img.ssensemedia.com/images/222115F088006_1/the-frankie-shop-black-lui-shorts.jpg,11264051,women
332,Brown Lui Shorts,The Frankie Shop,96,https://img.ssensemedia.com/images/222115F088007_1/the-frankie-shop-brown-lui-shorts.jpg,11264061,women
333,White Lui Shorts,The Frankie Shop,95,https://img.ssensemedia.com/images/222115F088005_1/the-frankie-shop-white-lui-shorts.jpg,11264041,women
334,Black Rayon Shorts,determ;,140,https://img.ssensemedia.com/images/221071F088000_1/determ-black-rayon-shorts.jpg,9682961,women
335,Off-White Rosa Denim Shorts,rag & bone,93,https://img.ssensemedia.com/images/222055F088002_1/rag-and-bone-off-white-rosa-denim-shorts.jpg,9798311,women
336,Black Phoenix Shorts,Nike,29,https://img.ssensemedia.com/images/222011F088041_1/nike-black-phoenix-shorts.jpg,10207221,women
337,Gray Sportswear Essential Bike Shorts,Nike,29,https://img.ssensemedia.com/images/222011F088006_1/nike-gray-sportswear-essential-bike-shorts.jpg,9530991,women
338,SSENSE Exclusive White Viscose Shorts,AMI Alexandre Mattiussi,160,https://img.ssensemedia.com/images/222482F088003_1/ami-alexandre-mattiussi-ssense-exclusive-white-viscose-shorts.jpg,9236131,women
339,SSENSE Exclusive Green Viscose Shorts,AMI Alexandre Mattiussi,148,https://img.ssensemedia.com/images/222482F088002_1/ami-alexandre-mattiussi-ssense-exclusive-green-viscose-shorts.jpg,9236121,women
340,SSENSE Exclusive Burgundy Viscose Shorts,AMI Alexandre Mattiussi,136,https://img.ssensemedia.com/images/222482F088001_1/ami-alexandre-mattiussi-ssense-exclusive-burgundy-viscose-shorts.jpg,9236111,women
341,SSENSE Exclusive Navy Viscose Shorts,AMI Alexandre Mattiussi,156,https://img.ssensemedia.com/images/222482F088004_1/ami-alexandre-mattiussi-ssense-exclusive-navy-viscose-shorts.jpg,9236141,women
342,Taupe Le Splash 'Le Short Basgia' Shorts,Jacquemus,118,https://img.ssensemedia.com/images/222553F088020_1/jacquemus-taupe-le-splash-le-short-basgia-shorts.jpg,10666431,women
343,Blue Charlie Cuffed Denim Shorts,Reformation,66,https://img.ssensemedia.com/images/222892F069018_1/reformation-blue-charlie-cuffed-denim-shorts.jpg,11599431,women
344,Beige Cowboy Shorts,Reformation,68,https://img.ssensemedia.com/images/222892F088002_1/reformation-beige-cowboy-shorts.jpg,11599561,women
345,Pink Rekive Shorts,adidas Originals,36,https://img.ssensemedia.com/images/222751F088005_1/adidas-originals-pink-rekive-shorts.jpg,9756691,women
346,Black High-Waisted Bike Shorts,Nike,25,https://img.ssensemedia.com/images/222011F088054_1/nike-black-high-waisted-bike-shorts.jpg,10207351,women
347,Black Gathered Leather Shorts,AMIRI,1484,https://img.ssensemedia.com/images/222886F088000_1/amiri-black-gathered-leather-shorts.jpg,10060381,women
348,Red 'The Sport Short' Shorts,Marc Jacobs,220,https://img.ssensemedia.com/images/222190F088005_1/marc-jacobs-red-the-sport-short-shorts.jpg,10563211,women
349,Black Utility Sport Shorts,SKIMS,57,https://img.ssensemedia.com/images/222545F088000_1/skims-black-utility-sport-shorts.jpg,10273501,women
350,Gray Utility Sport Shorts,SKIMS,64,https://img.ssensemedia.com/images/222545F088001_1/skims-gray-utility-sport-shorts.jpg,10273511,women
351,Off-White Pivot Shorts,Studio Nicholson,137,https://img.ssensemedia.com/images/222608F088001_1/studio-nicholson-off-white-pivot-shorts.jpg,10176651,women
352,Black Heritage Lifestyle Shorts,Nike Jordan,45,https://img.ssensemedia.com/images/222445F088003_1/jordan-black-heritage-lifestyle-shorts.jpg,9434101,women
353,Blue Heritage Lifestyle Shorts,Nike Jordan,34,https://img.ssensemedia.com/images/222445F088004_1/jordan-blue-heritage-lifestyle-shorts.jpg,9434121,women
354,Navy Logo Shorts,Luar,121,https://img.ssensemedia.com/images/221345F088003_1/luar-navy-logo-shorts.jpg,9684211,women
355,Brown Organic Cotton Shorts,Sinéad O’Dwyer,281,https://img.ssensemedia.com/images/221974F088000_1/sinead-odwyer-brown-organic-cotton-shorts.jpg,9952661,women
356,Off-White 'Le Short Basgia' Shorts,Jacquemus,134,https://img.ssensemedia.com/images/222553F088019_1/jacquemus-off-white-le-short-basgia-shorts.jpg,10666421,women
357,White Column Shorts,Dion Lee,198,https://img.ssensemedia.com/images/222417F088000_1/dion-lee-white-column-shorts.jpg,10263821,women
358,Black Bermuda Shorts,Kijun,191,https://img.ssensemedia.com/images/222586F088000_1/kijun-black-bermuda-shorts.jpg,11185011,women
359,SSENSE Exclusive Green Pleated Skort,Pushbutton,195,https://img.ssensemedia.com/images/222252F088002_1/pushbutton-ssense-exclusive-green-pleated-skort.jpg,10748331,women
360,SSENSE Exclusive Black Pleated Skort,Pushbutton,296,https://img.ssensemedia.com/images/222252F088003_1/pushbutton-ssense-exclusive-black-pleated-skort.jpg,10748671,women
361,Purple Logen LT Shorts,Veilance,173,https://img.ssensemedia.com/images/221494F088001_1/veilance-purple-logen-lt-shorts.jpg,8497611,women
362,SSENSE Exclusive Gray Pleated Skort,Pushbutton,327,https://img.ssensemedia.com/images/222252F088005_1/pushbutton-ssense-exclusive-gray-pleated-skort.jpg,10750031,women
363,Tan Jordan Essentials Shorts,Nike Jordan,48,https://img.ssensemedia.com/images/222445F088002_1/jordan-tan-jordan-essentials-shorts.jpg,9434091,women
364,Gray Sportswear Shorts,Nike,38,https://img.ssensemedia.com/images/222011F088021_1/nike-gray-sportswear-shorts.jpg,9531141,women
365,Blue Sportswear Shorts,Nike,41,https://img.ssensemedia.com/images/222011F088022_1/nike-blue-sportswear-shorts.jpg,9531151,women
366,Tan Sportswear Shorts,Nike,43,https://img.ssensemedia.com/images/222011F088023_1/nike-tan-sportswear-shorts.jpg,9531161,women
367,Black Column Shorts,Dion Lee,198,https://img.ssensemedia.com/images/222417F088001_1/dion-lee-black-column-shorts.jpg,10263831,women
368,Gray Drawstring Shorts,3.1 Phillip Lim,108,https://img.ssensemedia.com/images/222283F088003_1/31-phillip-lim-gray-drawstring-shorts.jpg,10223891,women
369,Beige & Brown Canvas GG Shorts,Gucci,2700,https://img.ssensemedia.com/images/221451F088005_1/gucci-beige-and-brown-canvas-gg-shorts.jpg,9421481,women
370,Blue Eco Horsebit Shorts,Gucci,1150,https://img.ssensemedia.com/images/221451F088002_1/gucci-blue-eco-horsebit-shorts.jpg,9420901,women
371,Burgundy GG Supreme Shorts,Gucci,1850,https://img.ssensemedia.com/images/222451F088016_1/gucci-burgundy-gg-supreme-shorts.jpg,11093111,women
372,Blue Jumbo GG Denim Shorts,Gucci,1550,https://img.ssensemedia.com/images/221451F088001_1/gucci-blue-jumbo-gg-denim-shorts.jpg,9420871,women
373,Blue Denim Eco-Washed GG Jacquard Shorts,Gucci,1600,https://img.ssensemedia.com/images/221451F088007_1/gucci-blue-denim-eco-washed-gg-jacquard-shorts.jpg,9426941,women
374,Blue Madras Shorts,Bode,525,https://img.ssensemedia.com/images/222169F088002_1/bode-blue-madras-shorts.jpg,9897611,women
375,Gray Made In USA Core Shorts,New Balance,99,https://img.ssensemedia.com/images/221402F088000_1/new-balance-gray-made-in-usa-core-shorts.jpg,8494741,women
376,Beige Made In USA Core Shorts,New Balance,99,https://img.ssensemedia.com/images/221402F088001_1/new-balance-beige-made-in-usa-core-shorts.jpg,8494751,women
377,Black Made In USA Core Shorts,New Balance,99,https://img.ssensemedia.com/images/221402F088002_1/new-balance-black-made-in-usa-core-shorts.jpg,8494761,women
378,Taupe Domond Shorts,Baserange,68,https://img.ssensemedia.com/images/222922F088000_1/baserange-taupe-domond-shorts.jpg,10292841,women
379,Black Biker Leggings,TOM FORD,240,https://img.ssensemedia.com/images/222076F088001_1/tom-ford-black-biker-leggings.jpg,10197791,women
380,Black Thermal Biker Shorts,ÉTERNE,130,https://img.ssensemedia.com/images/222910F088001_1/eterne-black-thermal-biker-shorts.jpg,11402901,women
381,Black Lola Shorts,Kika Vargas,241,https://img.ssensemedia.com/images/222593F088000_1/kika-vargas-black-lola-shorts.jpg,11295411,women
382,Black Cutoff Shorts,Re/Done,102,https://img.ssensemedia.com/images/222800F088011_1/re-done-black-cutoff-shorts.jpg,11604701,women
383,SSENSE Exclusive White Desert Rose Shorts,FENSI,112,https://img.ssensemedia.com/images/222100F088001_1/fensi-ssense-exclusive-white-desert-rose-shorts.jpg,11306801,women
384,Orange Pinched Seam Shorts,Olēnich,218,https://img.ssensemedia.com/images/221958F088002_1/olenich-orange-pinched-seam-shorts.jpg,9522571,women
385,Pink Lola Shorts,Kika Vargas,150,https://img.ssensemedia.com/images/222593F088003_1/kika-vargas-pink-lola-shorts.jpg,11295441,women
386,Pink Le Papier 'Le Short Lucca' Shorts,Jacquemus,164,https://img.ssensemedia.com/images/222553F088018_1/jacquemus-pink-le-papier-le-short-lucca-shorts.jpg,10666411,women
387,Black Le Papier 'Le Short Basgia' Shorts,Jacquemus,202,https://img.ssensemedia.com/images/222553F088021_1/jacquemus-black-le-papier-le-short-basgia-shorts.jpg,10666441,women
388,Green Graphic Shorts,Burberry,760,https://img.ssensemedia.com/images/222376F088004_1/burberry-green-graphic-shorts.jpg,10010171,women
389,Blue Frayed Shorts,Maison Margiela,680,https://img.ssensemedia.com/images/222168F088000_1/maison-margiela-blue-frayed-shorts.jpg,10373391,women
390,SSENSE Exclusive Pink Denim Skort,Pushbutton,264,https://img.ssensemedia.com/images/222252F088000_1/pushbutton-ssense-exclusive-pink-denim-skort.jpg,10743971,women
391,Taupe Chirac Shorts,Aeron,316,https://img.ssensemedia.com/images/222343F088000_1/andaacuteeron-taupe-chirac-shorts.jpg,10126401,women
392,Blue Half Dome Shorts,The North Face,36,https://img.ssensemedia.com/images/222802F088000_1/the-north-face-blue-half-dome-shorts.jpg,9790111,women
393,Black Half Dome Shorts,The North Face,36,https://img.ssensemedia.com/images/222802F088002_1/the-north-face-black-half-dome-shorts.jpg,9790131,women
394,Blue Cargo Shorts,adidas x IVY PARK,100,https://img.ssensemedia.com/images/222451F088006_1/adidas-x-ivy-park-blue-cargo-shorts.jpg,10680401,women
395,Black Locea Shorts,Isabel Marant,581,https://img.ssensemedia.com/images/222600F088000_1/isabel-marant-black-locea-shorts.jpg,10163041,women
396,Blue Titea Denim Shorts,Isabel Marant Etoile,390,https://img.ssensemedia.com/images/222599F088001_1/isabel-marant-etoile-blue-titea-denim-shorts.jpg,10137151,women
397,Black Ami De Cœur Shorts,AMI Alexandre Mattiussi,122,https://img.ssensemedia.com/images/222482F088005_1/ami-alexandre-mattiussi-black-ami-de-coeur-shorts.jpg,10638551,women
398,Beige Ami De Cœur Shorts,AMI Alexandre Mattiussi,125,https://img.ssensemedia.com/images/222482F088006_1/ami-alexandre-mattiussi-beige-ami-de-coeur-shorts.jpg,10638561,women
399,Black Spiral Shorts,Mugler,441,https://img.ssensemedia.com/images/222345F088000_1/mugler-black-spiral-shorts.jpg,10167441,women
400,Blue Spiral Shorts,Mugler,545,https://img.ssensemedia.com/images/222345F088004_1/mugler-blue-spiral-shorts.jpg,10167481,women
401,Black Spiral Shorts,Mugler,625,https://img.ssensemedia.com/images/222345F088006_1/mugler-black-spiral-shorts.jpg,10167501,women
402,Blue 501 Shorts,Levi's,46,https://img.ssensemedia.com/images/222099F088005_1/levis-blue-501-shorts.jpg,10036531,women
403,Black Classic PJ Shorts,Agent Provocateur,150,https://img.ssensemedia.com/images/221281F079007_1/agent-provocateur-black-classic-pj-shorts.jpg,8282101,women
404,Purple Polartec® Shorts,Moncler Grenoble,545,https://img.ssensemedia.com/images/222826F088000_1/moncler-grenoble-purple-polartec-shorts.jpg,9812161,women
405,Red Appliqué Shorts,Paco Rabanne,200,https://img.ssensemedia.com/images/222605F088000_1/paco-rabanne-red-applique-shorts.jpg,10567371,women
406,SSENSE Exclusive White 'Don't Give Up' Shorts,Praying,70,https://img.ssensemedia.com/images/222810F088002_1/praying-ssense-exclusive-white-dont-give-up-shorts.jpg,11292271,women
407,Purple Biker Shorts,TOM FORD,430,https://img.ssensemedia.com/images/222076F088000_1/tom-ford-purple-biker-shorts.jpg,10197781,women
408,Blue Biker Shorts,Lido,82,https://img.ssensemedia.com/images/222249F088003_1/lido-blue-biker-shorts.jpg,11830041,women
409,Yellow Biker Shorts,Lido,86,https://img.ssensemedia.com/images/222249F088004_1/lido-yellow-biker-shorts.jpg,11830051,women
410,Burgundy Biker Shorts,Lido,86,https://img.ssensemedia.com/images/222249F088005_1/lido-burgundy-biker-shorts.jpg,11830061,women
411,Brown Miele Shorts,Max Mara,454,https://img.ssensemedia.com/images/222118F088000_1/max-mara-brown-miele-shorts.jpg,10119391,women
412,Brown Zurlo Shorts,Max Mara,267,https://img.ssensemedia.com/images/222118F088001_1/max-mara-brown-zurlo-shorts.jpg,10119411,women
413,Blue 501 Original Shorts,Levi's,47,https://img.ssensemedia.com/images/222099F088001_1/levis-blue-501-original-shorts.jpg,10036491,women
414,Blue Loose Shorts,Levi's,64,https://img.ssensemedia.com/images/222099F088004_1/levis-blue-loose-shorts.jpg,10036521,women
415,Beige Logo Shorts,Luar,110,https://img.ssensemedia.com/images/221345F088004_1/luar-beige-logo-shorts.jpg,9684221,women
416,Purple Logo Shorts,Luar,123,https://img.ssensemedia.com/images/221345F088005_1/luar-purple-logo-shorts.jpg,9684231,women
417,SSENSE Exclusive Pink Shorts,Nensi Dojaka,195,https://img.ssensemedia.com/images/221334F088003_1/nensi-dojaka-ssense-exclusive-pink-shorts.jpg,9716841,women
418,SSENSE Exclusive Black Shorts,Nensi Dojaka,195,https://img.ssensemedia.com/images/221334F088005_1/nensi-dojaka-ssense-exclusive-black-shorts.jpg,9716861,women
419,Red adidas Originals Edition Shorts,Wales Bonner,93,https://img.ssensemedia.com/images/221752F088000_1/wales-bonner-red-adidas-originals-edition-shorts.jpg,8993141,women
420,Brown Cotton Shorts,Eckhaus Latta,144,https://img.ssensemedia.com/images/222830F088000_1/eckhaus-latta-brown-cotton-shorts.jpg,10326281,women
421,Black Chase Shorts,Carhartt Work In Progress,41,https://img.ssensemedia.com/images/222111F088000_1/carhartt-work-in-progress-black-chase-shorts.jpg,9665121,women
422,Gray Chase Shorts,Carhartt Work In Progress,37,https://img.ssensemedia.com/images/222111F088001_1/carhartt-work-in-progress-gray-chase-shorts.jpg,9665131,women
423,Blue 90s 501 Denim Shorts,Levi's,56,https://img.ssensemedia.com/images/221099F088010_1/levis-blue-90s-501-denim-shorts.jpg,8625171,women
424,Blue 90s 501 Denim Shorts,Levi's,41,https://img.ssensemedia.com/images/221099F088011_1/levis-blue-90s-501-denim-shorts.jpg,8625181,women
425,Blue High Loose Shorts,Levi's,41,https://img.ssensemedia.com/images/221099F088012_1/levis-blue-high-loose-shorts.jpg,8625191,women
426,Black Twill Shorts,Alexander Wang,710,https://img.ssensemedia.com/images/222187F088011_1/alexander-wang-black-twill-shorts.jpg,10137321,women
427,Black Ibiza Shorts,COTTON CITIZEN,66,https://img.ssensemedia.com/images/222750F088000_1/cotton-citizen-black-ibiza-shorts.jpg,10831221,women
428,Multicolor Santorini Shorts,COTTON CITIZEN,64,https://img.ssensemedia.com/images/222750F088004_1/cotton-citizen-multicolor-santorini-shorts.jpg,10831261,women
429,White Santorini Shorts,COTTON CITIZEN,96,https://img.ssensemedia.com/images/222750F088005_1/cotton-citizen-white-santorini-shorts.jpg,10831271,women
430,Black Santorini Shorts,COTTON CITIZEN,101,https://img.ssensemedia.com/images/222750F088006_1/cotton-citizen-black-santorini-shorts.jpg,10831281,women
431,Green Itea Shorts,REMAIN Birger Christensen,113,https://img.ssensemedia.com/images/221985F088010_1/remain-birger-christensen-green-itea-shorts.jpg,9476311,women
432,Black Itea Shorts,REMAIN Birger Christensen,125,https://img.ssensemedia.com/images/221985F088011_1/remain-birger-christensen-black-itea-shorts.jpg,9476321,women
433,Brown Kit Shorts,REMAIN Birger Christensen,134,https://img.ssensemedia.com/images/221985F088012_1/remain-birger-christensen-brown-kit-shorts.jpg,9476331,women
434,Gray Thermal Biker Shorts,ÉTERNE,130,https://img.ssensemedia.com/images/222910F088000_1/eterne-gray-thermal-biker-shorts.jpg,11402891,women
435,Off-White Lounge Boxer Shorts,ÉTERNE,105,https://img.ssensemedia.com/images/222910F088002_1/eterne-off-white-lounge-boxer-shorts.jpg,11402911,women
436,Gray Lounge Boxer Shorts,ÉTERNE,105,https://img.ssensemedia.com/images/222910F088003_1/eterne-gray-lounge-boxer-shorts.jpg,11402921,women
437,Black Lounge Boxer Shorts,ÉTERNE,105,https://img.ssensemedia.com/images/222910F088004_1/eterne-black-lounge-boxer-shorts.jpg,11402931,women
438,Pink Bonded Shorts,Versace Jeans Couture,68,https://img.ssensemedia.com/images/222202F088004_1/versace-jeans-couture-pink-bonded-shorts.jpg,9981991,women
439,Black Ifeion Leather Shorts,by Malene Birger,281,https://img.ssensemedia.com/images/222295F088000_1/by-malene-birger-black-ifeion-leather-shorts.jpg,9997491,women
440,Gray Pleated Shorts,Regulation Yohji Yamamoto,394,https://img.ssensemedia.com/images/222279F088000_1/regulation-yohji-yamamoto-gray-pleated-shorts.jpg,10546101,women
441,Green Brianna Shorts,Poster Girl,63,https://img.ssensemedia.com/images/221770F088003_1/poster-girl-green-brianna-shorts.jpg,9807931,women
442,Off-White Drawstring Shorts,Victoria Beckham,130,https://img.ssensemedia.com/images/222784F088000_1/victoria-beckham-off-white-drawstring-shorts.jpg,10454221,women
443,Black Wellness Ivy Disco Shorts,Sporty & Rich,68,https://img.ssensemedia.com/images/221446F088084_1/sporty-and-rich-black-wellness-ivy-disco-shorts.jpg,9813251,women
444,Yellow Linen Shorts,GANNI,117,https://img.ssensemedia.com/images/222144F088005_1/ganni-yellow-linen-shorts.jpg,9902281,women
445,Blue Embroidered Shorts,GANNI,162,https://img.ssensemedia.com/images/222144F088007_1/ganni-blue-embroidered-shorts.jpg,9902531,women
446,Khaki Coco Leggings,Sandy Liang,99,https://img.ssensemedia.com/images/222677F088000_1/sandy-liang-khaki-coco-leggings.jpg,10237681,women
447,Brown Musan Shorts,Holzweiler,163,https://img.ssensemedia.com/images/222946F088000_1/holzweiler-brown-musan-shorts.jpg,9866801,women
448,Off-White Strap Shorts,LOW CLASSIC,149,https://img.ssensemedia.com/images/222666F088000_1/low-classic-off-white-strap-shorts.jpg,10053621,women
449,Multicolor Silk Shorts,Versace,580,https://img.ssensemedia.com/images/222404F088000_1/versace-multicolor-silk-shorts.jpg,10066631,women
450,Pink Cotton Shorts,Versace,390,https://img.ssensemedia.com/images/222404F088003_1/versace-pink-cotton-shorts.jpg,10066661,women
451,Black Polyester Skort,MSGM,180,https://img.ssensemedia.com/images/222443F088001_1/msgm-black-polyester-skort.jpg,10359811,women
452,Black Greca Shorts,Versace Underwear,235,https://img.ssensemedia.com/images/222653F088000_1/versace-underwear-black-greca-shorts.jpg,10088571,women
453,Pink Greca Shorts,Versace Underwear,161,https://img.ssensemedia.com/images/222653F088001_1/versace-underwear-pink-greca-shorts.jpg,10088581,women
454,Red Greca Swim Shorts,Versace Underwear,350,https://img.ssensemedia.com/images/222653F088002_1/versace-underwear-red-greca-swim-shorts.jpg,10088591,women
455,Blue Cotton Shorts,Acne Studios,860,https://img.ssensemedia.com/images/221129F088109_1/acne-studios-blue-cotton-shorts.jpg,8804171,women
456,Purple 'The Sport Short' Shorts,Marc Jacobs,137,https://img.ssensemedia.com/images/222190F088002_1/marc-jacobs-purple-the-sport-short-shorts.jpg,9782871,women
457,Orange 'The Sport Short' Shorts,Marc Jacobs,220,https://img.ssensemedia.com/images/222190F088003_1/marc-jacobs-orange-the-sport-short-shorts.jpg,9782881,women
458,Black 'The T-Shorts' Shorts,Marc Jacobs,180,https://img.ssensemedia.com/images/222190F088001_1/marc-jacobs-black-the-t-shorts-shorts.jpg,9780331,women
459,Blue Distressed Shorts,Heron Preston,268,https://img.ssensemedia.com/images/221967F088009_1/heron-preston-blue-distressed-shorts.jpg,8823741,women
460,White Parker Vintage Cut Off Shorts,AGOLDE,127,https://img.ssensemedia.com/images/222214F088010_1/agolde-white-parker-vintage-cut-off-shorts.jpg,10059811,women
461,Off-White Ole Shorts,Baserange,51,https://img.ssensemedia.com/images/222922F088001_1/baserange-off-white-ole-shorts.jpg,10292851,women
462,Blue Ole Shorts,Baserange,47,https://img.ssensemedia.com/images/222922F088002_1/baserange-blue-ole-shorts.jpg,10292861,women
463,Black Oleta Shorts,Baserange,55,https://img.ssensemedia.com/images/222922F541000_1/baserange-black-oleta-shorts.jpg,10292441,women
464,Black Coast Shorts,HOPE,190,https://img.ssensemedia.com/images/221995F087001_1/hope-mens-black-coast-shorts.jpg,9337951,women
465,SSENSE Exclusive Black & Pink Lycra Shorts,Louisa Ballou,108,https://img.ssensemedia.com/images/221348F088006_1/louisa-ballou-ssense-exclusive-black-and-pink-lycra-shorts.jpg,9456271,women
466,Black Pleated Shorts,Regulation Yohji Yamamoto,444,https://img.ssensemedia.com/images/222279F088001_1/regulation-yohji-yamamoto-black-pleated-shorts.jpg,10546111,women
467,Pink Denim Shorts,Sky High Farm Workwear,204,https://img.ssensemedia.com/images/221219F088001_1/sky-high-farm-pink-denim-shorts.jpg,9068631,women
468,Brown NSW PK Tape Shorts,Nike,39,https://img.ssensemedia.com/images/222011F088020_1/nike-brown-nsw-pk-tape-shorts.jpg,9531131,women
469,Black Diamond Shorts,Nike Jordan,45,https://img.ssensemedia.com/images/222445F088017_1/jordan-black-diamond-shorts.jpg,10218351,women
470,Blue Acid Bouquet Shorts,Versace Underwear,381,https://img.ssensemedia.com/images/221653F088007_1/versace-underwear-blue-acid-bouquet-shorts.jpg,9510421,women
471,Purple Greca Shorts,Versace Underwear,375,https://img.ssensemedia.com/images/221653F088009_1/versace-underwear-purple-greca-shorts.jpg,9532941,women
472,Yellow Brianna Shorts,Poster Girl,80,https://img.ssensemedia.com/images/221770F088002_1/poster-girl-yellow-brianna-shorts.jpg,9807921,women
473,Blue Mini Denim Shorts,ALAÏA,1060,https://img.ssensemedia.com/images/222483F088000_1/alaia-blue-mini-denim-shorts.jpg,10695311,women
474,Black Pull On Shorts,Helmut Lang,285,https://img.ssensemedia.com/images/222154F088004_1/helmut-lang-black-pull-on-shorts.jpg,10260931,women
475,Blue Denim Shorts,Valentino,1245,https://img.ssensemedia.com/images/222476F088001_1/valentino-blue-denim-shorts.jpg,10553521,women
476,Black Belted Shorts,3.1 Phillip Lim,299,https://img.ssensemedia.com/images/222283F088001_1/31-phillip-lim-black-belted-shorts.jpg,10223871,women
477,Blue Rosa Denim Shorts,rag & bone,96,https://img.ssensemedia.com/images/222055F088001_1/rag-and-bone-blue-rosa-denim-shorts.jpg,9798301,women
478,Pink 'La Greca' Shorts,Versace,400,https://img.ssensemedia.com/images/222404F088002_1/versace-pink-la-greca-shorts.jpg,10066651,women
479,Green Disco Shorts,Sporty & Rich,50,https://img.ssensemedia.com/images/222446F088003_1/sporty-and-rich-green-disco-shorts.jpg,9813651,women
